[01-May-2025 18:19:19 +0200]: <js61qqua> DB Error: SQLSTATE[HY000] [1045] Access denied for user 'roundcube'@'localhost' (using password: YES) in C:\xampp\htdocs\roundcube\program\lib\Roundcube\rcube_db.php on line 194 (GET /roundcube/)
[01-May-2025 18:19:20 +0200]: <js61qqua> PHP Error: config.inc.php was not found. (GET /roundcube/)
[01-May-2025 18:20:44 Europe/Berlin] PHP Deprecated:  Return type of zipdownload_mbox_filter::filter($in, $out, &$consumed, $closing) should either be compatible with php_user_filter::filter($in, $out, &$consumed, bool $closing): int, or the #[\ReturnTypeWillChange] attribute should be used to temporarily suppress the notice in C:\xampp\htdocs\roundcube\plugins\zipdownload\zipdownload.php on line 405
[01-May-2025 18:20:44 +0200]: <js61qqua> DB Error: SQLSTATE[HY000] [1045] Access denied for user 'roundcube'@'localhost' (using password: YES) in C:\xampp\htdocs\roundcube\program\lib\Roundcube\rcube_db.php on line 194 (GET /roundcube/)
[01-May-2025 18:20:44 +0200]: <js61qqua> DB Error: SQLSTATE[HY000] [1045] Access denied for user 'roundcube'@'localhost' (using password: YES) (GET /roundcube/)
[01-May-2025 18:20:45 Europe/Berlin] PHP Deprecated:  Return type of zipdownload_mbox_filter::filter($in, $out, &$consumed, $closing) should either be compatible with php_user_filter::filter($in, $out, &$consumed, bool $closing): int, or the #[\ReturnTypeWillChange] attribute should be used to temporarily suppress the notice in C:\xampp\htdocs\roundcube\plugins\zipdownload\zipdownload.php on line 405
[01-May-2025 18:20:45 +0200]: <js61qqua> DB Error: SQLSTATE[HY000] [1045] Access denied for user 'roundcube'@'localhost' (using password: YES) in C:\xampp\htdocs\roundcube\program\lib\Roundcube\rcube_db.php on line 194 (GET /roundcube/)
[01-May-2025 18:20:45 +0200]: <js61qqua> DB Error: SQLSTATE[HY000] [1045] Access denied for user 'roundcube'@'localhost' (using password: YES) (GET /roundcube/)
[01-May-2025 18:20:46 Europe/Berlin] PHP Deprecated:  Return type of zipdownload_mbox_filter::filter($in, $out, &$consumed, $closing) should either be compatible with php_user_filter::filter($in, $out, &$consumed, bool $closing): int, or the #[\ReturnTypeWillChange] attribute should be used to temporarily suppress the notice in C:\xampp\htdocs\roundcube\plugins\zipdownload\zipdownload.php on line 405
[01-May-2025 18:20:46 +0200]: <js61qqua> DB Error: SQLSTATE[HY000] [1045] Access denied for user 'roundcube'@'localhost' (using password: YES) in C:\xampp\htdocs\roundcube\program\lib\Roundcube\rcube_db.php on line 194 (GET /roundcube/)
[01-May-2025 18:20:46 +0200]: <js61qqua> DB Error: SQLSTATE[HY000] [1045] Access denied for user 'roundcube'@'localhost' (using password: YES) (GET /roundcube/)
[01-May-2025 18:20:47 Europe/Berlin] PHP Deprecated:  Return type of zipdownload_mbox_filter::filter($in, $out, &$consumed, $closing) should either be compatible with php_user_filter::filter($in, $out, &$consumed, bool $closing): int, or the #[\ReturnTypeWillChange] attribute should be used to temporarily suppress the notice in C:\xampp\htdocs\roundcube\plugins\zipdownload\zipdownload.php on line 405
[01-May-2025 18:20:47 +0200]: <js61qqua> DB Error: SQLSTATE[HY000] [1045] Access denied for user 'roundcube'@'localhost' (using password: YES) in C:\xampp\htdocs\roundcube\program\lib\Roundcube\rcube_db.php on line 194 (GET /roundcube/)
[01-May-2025 18:20:47 +0200]: <js61qqua> DB Error: SQLSTATE[HY000] [1045] Access denied for user 'roundcube'@'localhost' (using password: YES) (GET /roundcube/)
[01-May-2025 18:20:47 Europe/Berlin] PHP Deprecated:  Return type of zipdownload_mbox_filter::filter($in, $out, &$consumed, $closing) should either be compatible with php_user_filter::filter($in, $out, &$consumed, bool $closing): int, or the #[\ReturnTypeWillChange] attribute should be used to temporarily suppress the notice in C:\xampp\htdocs\roundcube\plugins\zipdownload\zipdownload.php on line 405
[01-May-2025 18:20:47 +0200]: <js61qqua> DB Error: SQLSTATE[HY000] [1045] Access denied for user 'roundcube'@'localhost' (using password: YES) in C:\xampp\htdocs\roundcube\program\lib\Roundcube\rcube_db.php on line 194 (GET /roundcube/)
[01-May-2025 18:20:48 +0200]: <js61qqua> DB Error: SQLSTATE[HY000] [1045] Access denied for user 'roundcube'@'localhost' (using password: YES) (GET /roundcube/)
[01-May-2025 18:21:03 Europe/Berlin] PHP Deprecated:  Return type of zipdownload_mbox_filter::filter($in, $out, &$consumed, $closing) should either be compatible with php_user_filter::filter($in, $out, &$consumed, bool $closing): int, or the #[\ReturnTypeWillChange] attribute should be used to temporarily suppress the notice in C:\xampp\htdocs\roundcube\plugins\zipdownload\zipdownload.php on line 405
[01-May-2025 18:21:03 +0200]: <js61qqua> DB Error: SQLSTATE[HY000] [1045] Access denied for user 'roundcube'@'localhost' (using password: YES) in C:\xampp\htdocs\roundcube\program\lib\Roundcube\rcube_db.php on line 194 (GET /roundcube/)
[01-May-2025 18:21:03 +0200]: <js61qqua> DB Error: SQLSTATE[HY000] [1045] Access denied for user 'roundcube'@'localhost' (using password: YES) (GET /roundcube/)
[01-May-2025 18:27:43 Europe/Berlin] PHP Deprecated:  Return type of zipdownload_mbox_filter::filter($in, $out, &$consumed, $closing) should either be compatible with php_user_filter::filter($in, $out, &$consumed, bool $closing): int, or the #[\ReturnTypeWillChange] attribute should be used to temporarily suppress the notice in C:\xampp\htdocs\roundcube\plugins\zipdownload\zipdownload.php on line 405
[01-May-2025 18:27:43 +0200]: <js61qqua> DB Error: SQLSTATE[HY000] [1045] Access denied for user 'roundcube'@'localhost' (using password: YES) in C:\xampp\htdocs\roundcube\program\lib\Roundcube\rcube_db.php on line 194 (GET /roundcube/)
[01-May-2025 18:27:43 +0200]: <js61qqua> DB Error: SQLSTATE[HY000] [1045] Access denied for user 'roundcube'@'localhost' (using password: YES) (GET /roundcube/)
[01-May-2025 18:27:44 Europe/Berlin] PHP Deprecated:  Return type of zipdownload_mbox_filter::filter($in, $out, &$consumed, $closing) should either be compatible with php_user_filter::filter($in, $out, &$consumed, bool $closing): int, or the #[\ReturnTypeWillChange] attribute should be used to temporarily suppress the notice in C:\xampp\htdocs\roundcube\plugins\zipdownload\zipdownload.php on line 405
[01-May-2025 18:27:44 +0200]: <js61qqua> DB Error: SQLSTATE[HY000] [1045] Access denied for user 'roundcube'@'localhost' (using password: YES) in C:\xampp\htdocs\roundcube\program\lib\Roundcube\rcube_db.php on line 194 (GET /roundcube/)
[01-May-2025 18:27:44 +0200]: <js61qqua> DB Error: SQLSTATE[HY000] [1045] Access denied for user 'roundcube'@'localhost' (using password: YES) (GET /roundcube/)
[01-May-2025 18:55:50 Europe/Berlin] PHP Deprecated:  Return type of zipdownload_mbox_filter::filter($in, $out, &$consumed, $closing) should either be compatible with php_user_filter::filter($in, $out, &$consumed, bool $closing): int, or the #[\ReturnTypeWillChange] attribute should be used to temporarily suppress the notice in C:\xampp\htdocs\roundcube\plugins\zipdownload\zipdownload.php on line 405
[01-May-2025 18:55:50 +0200]: <js61qqua> DB Error: SQLSTATE[HY000] [1045] Access denied for user 'roundcube'@'localhost' (using password: YES) in C:\xampp\htdocs\roundcube\program\lib\Roundcube\rcube_db.php on line 194 (GET /roundcube/)
[01-May-2025 18:55:50 +0200]: <js61qqua> DB Error: SQLSTATE[HY000] [1045] Access denied for user 'roundcube'@'localhost' (using password: YES) (GET /roundcube/)
[01-May-2025 19:04:07 Europe/Berlin] PHP Deprecated:  Return type of zipdownload_mbox_filter::filter($in, $out, &$consumed, $closing) should either be compatible with php_user_filter::filter($in, $out, &$consumed, bool $closing): int, or the #[\ReturnTypeWillChange] attribute should be used to temporarily suppress the notice in C:\xampp\htdocs\roundcube\plugins\zipdownload\zipdownload.php on line 405
[01-May-2025 19:04:07 +0200]: <js61qqua> DB Error: SQLSTATE[HY000] [1045] Access denied for user 'roundcube'@'localhost' (using password: YES) in C:\xampp\htdocs\roundcube\program\lib\Roundcube\rcube_db.php on line 194 (GET /roundcube/)
[01-May-2025 19:04:07 +0200]: <js61qqua> DB Error: SQLSTATE[HY000] [1045] Access denied for user 'roundcube'@'localhost' (using password: YES) (GET /roundcube/)
[01-May-2025 19:07:16 Europe/Berlin] PHP Deprecated:  Return type of zipdownload_mbox_filter::filter($in, $out, &$consumed, $closing) should either be compatible with php_user_filter::filter($in, $out, &$consumed, bool $closing): int, or the #[\ReturnTypeWillChange] attribute should be used to temporarily suppress the notice in C:\xampp\htdocs\roundcube\plugins\zipdownload\zipdownload.php on line 405
[01-May-2025 19:12:04 Europe/Berlin] PHP Deprecated:  Return type of zipdownload_mbox_filter::filter($in, $out, &$consumed, $closing) should either be compatible with php_user_filter::filter($in, $out, &$consumed, bool $closing): int, or the #[\ReturnTypeWillChange] attribute should be used to temporarily suppress the notice in C:\xampp\htdocs\roundcube\plugins\zipdownload\zipdownload.php on line 405
[01-May-2025 19:12:04 Europe/Berlin] PHP Deprecated:  Creation of dynamic property rcmail::$imap is deprecated in C:\xampp\htdocs\roundcube\program\lib\Roundcube\rcube.php on line 329
[01-May-2025 19:12:08 +0200]: <js61qqua> IMAP Error: Login failed for gavoenrisr3112@gmail.com against localhost from ::1. Could not connect to localhost:143: No se puede establecer una conexión ya que el equipo de destino denegó expresamente dicha conexión in C:\xampp\htdocs\roundcube\program\lib\Roundcube\rcube_imap.php on line 211 (POST /roundcube/?_task=login&_action=login)
[01-May-2025 19:26:25 Europe/Berlin] PHP Deprecated:  Return type of zipdownload_mbox_filter::filter($in, $out, &$consumed, $closing) should either be compatible with php_user_filter::filter($in, $out, &$consumed, bool $closing): int, or the #[\ReturnTypeWillChange] attribute should be used to temporarily suppress the notice in C:\xampp\htdocs\roundcube\plugins\zipdownload\zipdownload.php on line 405
[01-May-2025 19:26:30 Europe/Berlin] PHP Deprecated:  Return type of zipdownload_mbox_filter::filter($in, $out, &$consumed, $closing) should either be compatible with php_user_filter::filter($in, $out, &$consumed, bool $closing): int, or the #[\ReturnTypeWillChange] attribute should be used to temporarily suppress the notice in C:\xampp\htdocs\roundcube\plugins\zipdownload\zipdownload.php on line 405
[01-May-2025 19:26:30 Europe/Berlin] PHP Deprecated:  Creation of dynamic property rcmail::$imap is deprecated in C:\xampp\htdocs\roundcube\program\lib\Roundcube\rcube.php on line 329
[01-May-2025 19:26:32 Europe/Berlin] PHP Deprecated:  Creation of dynamic property rcmail::$user_email is deprecated in C:\xampp\htdocs\roundcube\program\include\rcmail.php on line 789
[01-May-2025 19:26:32 Europe/Berlin] PHP Deprecated:  Creation of dynamic property rcmail::$password is deprecated in C:\xampp\htdocs\roundcube\program\include\rcmail.php on line 790
[01-May-2025 19:26:32 Europe/Berlin] PHP Deprecated:  strlen(): Passing null to parameter #1 ($string) of type string is deprecated in C:\xampp\htdocs\roundcube\program\include\rcmail.php on line 1190
[01-May-2025 19:26:32 Europe/Berlin] PHP Deprecated:  Return type of zipdownload_mbox_filter::filter($in, $out, &$consumed, $closing) should either be compatible with php_user_filter::filter($in, $out, &$consumed, bool $closing): int, or the #[\ReturnTypeWillChange] attribute should be used to temporarily suppress the notice in C:\xampp\htdocs\roundcube\plugins\zipdownload\zipdownload.php on line 405
[01-May-2025 19:26:32 +0200]: <m7tiar55> PHP Error: php-zip extension is required for the zipdownload plugin in C:\xampp\htdocs\roundcube\plugins\zipdownload\zipdownload.php on line 36 (GET /roundcube/?_task=mail&_token=2a9Xhapa9EeS8Peh0RVaw3bPTdfVa2BT)
[01-May-2025 19:26:32 Europe/Berlin] PHP Deprecated:  Creation of dynamic property rcmail::$imap is deprecated in C:\xampp\htdocs\roundcube\program\lib\Roundcube\rcube.php on line 329
[01-May-2025 19:26:32 Europe/Berlin] PHP Deprecated:  strlen(): Passing null to parameter #1 ($string) of type string is deprecated in C:\xampp\htdocs\roundcube\program\actions\mail\index.php on line 182
[01-May-2025 19:26:35 Europe/Berlin] PHP Deprecated:  strpos(): Passing null to parameter #1 ($haystack) of type string is deprecated in C:\xampp\htdocs\roundcube\program\include\rcmail_action.php on line 1221
[01-May-2025 19:26:35 Europe/Berlin] PHP Deprecated:  Return type of zipdownload_mbox_filter::filter($in, $out, &$consumed, $closing) should either be compatible with php_user_filter::filter($in, $out, &$consumed, bool $closing): int, or the #[\ReturnTypeWillChange] attribute should be used to temporarily suppress the notice in C:\xampp\htdocs\roundcube\plugins\zipdownload\zipdownload.php on line 405
[01-May-2025 19:26:35 Europe/Berlin] PHP Deprecated:  Return type of zipdownload_mbox_filter::filter($in, $out, &$consumed, $closing) should either be compatible with php_user_filter::filter($in, $out, &$consumed, bool $closing): int, or the #[\ReturnTypeWillChange] attribute should be used to temporarily suppress the notice in C:\xampp\htdocs\roundcube\plugins\zipdownload\zipdownload.php on line 405
[01-May-2025 19:26:35 +0200]: <m7tiar55> PHP Error: php-zip extension is required for the zipdownload plugin in C:\xampp\htdocs\roundcube\plugins\zipdownload\zipdownload.php on line 36 (GET /roundcube/?_task=mail&_action=list&_refresh=1&_layout=widescreen&_mbox=INBOX&_page=&_remote=1&_unlock=loading1746120395338&_=1746120395206)
[01-May-2025 19:26:35 +0200]: <m7tiar55> PHP Error: php-zip extension is required for the zipdownload plugin in C:\xampp\htdocs\roundcube\plugins\zipdownload\zipdownload.php on line 36 (GET /roundcube/?_task=mail&_action=getunread&_page=1&_remote=1&_unlock=0&_=1746120395207)
[01-May-2025 19:26:35 Europe/Berlin] PHP Deprecated:  Creation of dynamic property rcmail::$imap is deprecated in C:\xampp\htdocs\roundcube\program\lib\Roundcube\rcube.php on line 329
[01-May-2025 19:26:35 Europe/Berlin] PHP Deprecated:  Creation of dynamic property rcmail::$imap is deprecated in C:\xampp\htdocs\roundcube\program\lib\Roundcube\rcube.php on line 329
[01-May-2025 19:26:35 Europe/Berlin] PHP Deprecated:  strlen(): Passing null to parameter #1 ($string) of type string is deprecated in C:\xampp\htdocs\roundcube\program\actions\mail\index.php on line 182
[01-May-2025 19:26:39 Europe/Berlin] PHP Deprecated:  Return type of zipdownload_mbox_filter::filter($in, $out, &$consumed, $closing) should either be compatible with php_user_filter::filter($in, $out, &$consumed, bool $closing): int, or the #[\ReturnTypeWillChange] attribute should be used to temporarily suppress the notice in C:\xampp\htdocs\roundcube\plugins\zipdownload\zipdownload.php on line 405
[01-May-2025 19:26:39 +0200]: <m7tiar55> PHP Error: php-zip extension is required for the zipdownload plugin in C:\xampp\htdocs\roundcube\plugins\zipdownload\zipdownload.php on line 36 (GET /roundcube/?_task=mail&_action=plugin.asistente)
[01-May-2025 19:26:39 Europe/Berlin] PHP Deprecated:  Creation of dynamic property rcmail::$imap is deprecated in C:\xampp\htdocs\roundcube\program\lib\Roundcube\rcube.php on line 329
[01-May-2025 19:26:39 Europe/Berlin] PHP Deprecated:  strlen(): Passing null to parameter #1 ($string) of type string is deprecated in C:\xampp\htdocs\roundcube\program\actions\mail\index.php on line 182
[01-May-2025 19:26:39 +0200]: <m7tiar55> PHP Error: Error loading template for asistente.asistente in C:\xampp\htdocs\roundcube\program\include\rcmail_output_html.php on line 804 (GET /roundcube/?_task=mail&_action=plugin.asistente)
[01-May-2025 19:26:41 Europe/Berlin] PHP Deprecated:  Return type of zipdownload_mbox_filter::filter($in, $out, &$consumed, $closing) should either be compatible with php_user_filter::filter($in, $out, &$consumed, bool $closing): int, or the #[\ReturnTypeWillChange] attribute should be used to temporarily suppress the notice in C:\xampp\htdocs\roundcube\plugins\zipdownload\zipdownload.php on line 405
[01-May-2025 19:26:41 +0200]: <m7tiar55> PHP Error: php-zip extension is required for the zipdownload plugin in C:\xampp\htdocs\roundcube\plugins\zipdownload\zipdownload.php on line 36 (GET /roundcube/?_task=mail&_mbox=INBOX)
[01-May-2025 19:26:41 Europe/Berlin] PHP Deprecated:  Creation of dynamic property rcmail::$imap is deprecated in C:\xampp\htdocs\roundcube\program\lib\Roundcube\rcube.php on line 329
[01-May-2025 19:26:43 Europe/Berlin] PHP Deprecated:  strpos(): Passing null to parameter #1 ($haystack) of type string is deprecated in C:\xampp\htdocs\roundcube\program\include\rcmail_action.php on line 1221
[01-May-2025 19:26:45 Europe/Berlin] PHP Deprecated:  Return type of zipdownload_mbox_filter::filter($in, $out, &$consumed, $closing) should either be compatible with php_user_filter::filter($in, $out, &$consumed, bool $closing): int, or the #[\ReturnTypeWillChange] attribute should be used to temporarily suppress the notice in C:\xampp\htdocs\roundcube\plugins\zipdownload\zipdownload.php on line 405
[01-May-2025 19:26:45 +0200]: <m7tiar55> PHP Error: php-zip extension is required for the zipdownload plugin in C:\xampp\htdocs\roundcube\plugins\zipdownload\zipdownload.php on line 36 (GET /roundcube/?_task=mail&_mbox=INBOX)
[01-May-2025 19:26:45 Europe/Berlin] PHP Deprecated:  Creation of dynamic property rcmail::$imap is deprecated in C:\xampp\htdocs\roundcube\program\lib\Roundcube\rcube.php on line 329
[01-May-2025 19:26:47 Europe/Berlin] PHP Deprecated:  strpos(): Passing null to parameter #1 ($haystack) of type string is deprecated in C:\xampp\htdocs\roundcube\program\include\rcmail_action.php on line 1221
[01-May-2025 19:26:47 Europe/Berlin] PHP Deprecated:  Return type of zipdownload_mbox_filter::filter($in, $out, &$consumed, $closing) should either be compatible with php_user_filter::filter($in, $out, &$consumed, bool $closing): int, or the #[\ReturnTypeWillChange] attribute should be used to temporarily suppress the notice in C:\xampp\htdocs\roundcube\plugins\zipdownload\zipdownload.php on line 405
[01-May-2025 19:26:47 Europe/Berlin] PHP Deprecated:  Return type of zipdownload_mbox_filter::filter($in, $out, &$consumed, $closing) should either be compatible with php_user_filter::filter($in, $out, &$consumed, bool $closing): int, or the #[\ReturnTypeWillChange] attribute should be used to temporarily suppress the notice in C:\xampp\htdocs\roundcube\plugins\zipdownload\zipdownload.php on line 405
[01-May-2025 19:26:47 +0200]: <m7tiar55> PHP Error: php-zip extension is required for the zipdownload plugin in C:\xampp\htdocs\roundcube\plugins\zipdownload\zipdownload.php on line 36 (GET /roundcube/?_task=mail&_action=list&_refresh=1&_layout=widescreen&_mbox=INBOX&_page=&_remote=1&_unlock=loading1746120407930&_=1746120407605)
[01-May-2025 19:26:48 Europe/Berlin] PHP Deprecated:  Creation of dynamic property rcmail::$imap is deprecated in C:\xampp\htdocs\roundcube\program\lib\Roundcube\rcube.php on line 329
[01-May-2025 19:26:48 Europe/Berlin] PHP Deprecated:  Creation of dynamic property rcmail::$imap is deprecated in C:\xampp\htdocs\roundcube\program\lib\Roundcube\rcube.php on line 329
[01-May-2025 19:26:48 Europe/Berlin] PHP Deprecated:  strlen(): Passing null to parameter #1 ($string) of type string is deprecated in C:\xampp\htdocs\roundcube\program\actions\mail\index.php on line 182
[01-May-2025 19:27:21 Europe/Berlin] PHP Deprecated:  Return type of zipdownload_mbox_filter::filter($in, $out, &$consumed, $closing) should either be compatible with php_user_filter::filter($in, $out, &$consumed, bool $closing): int, or the #[\ReturnTypeWillChange] attribute should be used to temporarily suppress the notice in C:\xampp\htdocs\roundcube\plugins\zipdownload\zipdownload.php on line 405
[01-May-2025 19:27:21 +0200]: <m7tiar55> PHP Error: php-zip extension is required for the zipdownload plugin in C:\xampp\htdocs\roundcube\plugins\zipdownload\zipdownload.php on line 36 (GET /roundcube/?_task=mail&_action=plugin.asistente)
[01-May-2025 19:27:21 Europe/Berlin] PHP Deprecated:  Creation of dynamic property rcmail::$imap is deprecated in C:\xampp\htdocs\roundcube\program\lib\Roundcube\rcube.php on line 329
[01-May-2025 19:27:21 Europe/Berlin] PHP Deprecated:  strlen(): Passing null to parameter #1 ($string) of type string is deprecated in C:\xampp\htdocs\roundcube\program\actions\mail\index.php on line 182
[01-May-2025 19:27:21 +0200]: <m7tiar55> PHP Error: Error loading template for asistente.asistente in C:\xampp\htdocs\roundcube\program\include\rcmail_output_html.php on line 804 (GET /roundcube/?_task=mail&_action=plugin.asistente)
[01-May-2025 19:27:28 Europe/Berlin] PHP Deprecated:  Return type of zipdownload_mbox_filter::filter($in, $out, &$consumed, $closing) should either be compatible with php_user_filter::filter($in, $out, &$consumed, bool $closing): int, or the #[\ReturnTypeWillChange] attribute should be used to temporarily suppress the notice in C:\xampp\htdocs\roundcube\plugins\zipdownload\zipdownload.php on line 405
[01-May-2025 19:27:28 +0200]: <m7tiar55> PHP Error: php-zip extension is required for the zipdownload plugin in C:\xampp\htdocs\roundcube\plugins\zipdownload\zipdownload.php on line 36 (GET /roundcube/?_task=mail&_mbox=INBOX)
[01-May-2025 19:27:28 Europe/Berlin] PHP Deprecated:  Creation of dynamic property rcmail::$imap is deprecated in C:\xampp\htdocs\roundcube\program\lib\Roundcube\rcube.php on line 329
[01-May-2025 19:27:30 Europe/Berlin] PHP Deprecated:  strpos(): Passing null to parameter #1 ($haystack) of type string is deprecated in C:\xampp\htdocs\roundcube\program\include\rcmail_action.php on line 1221
[01-May-2025 19:27:30 Europe/Berlin] PHP Deprecated:  Return type of zipdownload_mbox_filter::filter($in, $out, &$consumed, $closing) should either be compatible with php_user_filter::filter($in, $out, &$consumed, bool $closing): int, or the #[\ReturnTypeWillChange] attribute should be used to temporarily suppress the notice in C:\xampp\htdocs\roundcube\plugins\zipdownload\zipdownload.php on line 405
[01-May-2025 19:27:30 Europe/Berlin] PHP Deprecated:  Return type of zipdownload_mbox_filter::filter($in, $out, &$consumed, $closing) should either be compatible with php_user_filter::filter($in, $out, &$consumed, bool $closing): int, or the #[\ReturnTypeWillChange] attribute should be used to temporarily suppress the notice in C:\xampp\htdocs\roundcube\plugins\zipdownload\zipdownload.php on line 405
[01-May-2025 19:27:30 +0200]: <m7tiar55> PHP Error: php-zip extension is required for the zipdownload plugin in C:\xampp\htdocs\roundcube\plugins\zipdownload\zipdownload.php on line 36 (GET /roundcube/?_task=mail&_action=list&_refresh=1&_layout=widescreen&_mbox=INBOX&_page=&_remote=1&_unlock=loading1746120450678&_=1746120450587)
[01-May-2025 19:27:30 Europe/Berlin] PHP Deprecated:  Creation of dynamic property rcmail::$imap is deprecated in C:\xampp\htdocs\roundcube\program\lib\Roundcube\rcube.php on line 329
[01-May-2025 19:27:30 Europe/Berlin] PHP Deprecated:  Creation of dynamic property rcmail::$imap is deprecated in C:\xampp\htdocs\roundcube\program\lib\Roundcube\rcube.php on line 329
[01-May-2025 19:27:30 Europe/Berlin] PHP Deprecated:  strlen(): Passing null to parameter #1 ($string) of type string is deprecated in C:\xampp\htdocs\roundcube\program\actions\mail\index.php on line 182
[01-May-2025 19:28:30 Europe/Berlin] PHP Deprecated:  Return type of zipdownload_mbox_filter::filter($in, $out, &$consumed, $closing) should either be compatible with php_user_filter::filter($in, $out, &$consumed, bool $closing): int, or the #[\ReturnTypeWillChange] attribute should be used to temporarily suppress the notice in C:\xampp\htdocs\roundcube\plugins\zipdownload\zipdownload.php on line 405
[01-May-2025 19:28:30 +0200]: <m7tiar55> PHP Error: php-zip extension is required for the zipdownload plugin in C:\xampp\htdocs\roundcube\plugins\zipdownload\zipdownload.php on line 36 (POST /roundcube/?_task=mail&_action=refresh)
[01-May-2025 19:28:30 Europe/Berlin] PHP Deprecated:  Creation of dynamic property rcmail::$imap is deprecated in C:\xampp\htdocs\roundcube\program\lib\Roundcube\rcube.php on line 329
[01-May-2025 19:29:30 Europe/Berlin] PHP Deprecated:  Return type of zipdownload_mbox_filter::filter($in, $out, &$consumed, $closing) should either be compatible with php_user_filter::filter($in, $out, &$consumed, bool $closing): int, or the #[\ReturnTypeWillChange] attribute should be used to temporarily suppress the notice in C:\xampp\htdocs\roundcube\plugins\zipdownload\zipdownload.php on line 405
[01-May-2025 19:29:30 +0200]: <m7tiar55> PHP Error: php-zip extension is required for the zipdownload plugin in C:\xampp\htdocs\roundcube\plugins\zipdownload\zipdownload.php on line 36 (POST /roundcube/?_task=mail&_action=refresh)
[01-May-2025 19:29:30 Europe/Berlin] PHP Deprecated:  Creation of dynamic property rcmail::$imap is deprecated in C:\xampp\htdocs\roundcube\program\lib\Roundcube\rcube.php on line 329
[01-May-2025 19:30:30 Europe/Berlin] PHP Deprecated:  Return type of zipdownload_mbox_filter::filter($in, $out, &$consumed, $closing) should either be compatible with php_user_filter::filter($in, $out, &$consumed, bool $closing): int, or the #[\ReturnTypeWillChange] attribute should be used to temporarily suppress the notice in C:\xampp\htdocs\roundcube\plugins\zipdownload\zipdownload.php on line 405
[01-May-2025 19:30:30 +0200]: <m7tiar55> PHP Error: php-zip extension is required for the zipdownload plugin in C:\xampp\htdocs\roundcube\plugins\zipdownload\zipdownload.php on line 36 (POST /roundcube/?_task=mail&_action=refresh)
[01-May-2025 19:30:30 Europe/Berlin] PHP Deprecated:  Creation of dynamic property rcmail::$imap is deprecated in C:\xampp\htdocs\roundcube\program\lib\Roundcube\rcube.php on line 329
[01-May-2025 19:31:30 Europe/Berlin] PHP Deprecated:  Return type of zipdownload_mbox_filter::filter($in, $out, &$consumed, $closing) should either be compatible with php_user_filter::filter($in, $out, &$consumed, bool $closing): int, or the #[\ReturnTypeWillChange] attribute should be used to temporarily suppress the notice in C:\xampp\htdocs\roundcube\plugins\zipdownload\zipdownload.php on line 405
[01-May-2025 19:31:30 +0200]: <m7tiar55> PHP Error: php-zip extension is required for the zipdownload plugin in C:\xampp\htdocs\roundcube\plugins\zipdownload\zipdownload.php on line 36 (POST /roundcube/?_task=mail&_action=refresh)
[01-May-2025 19:31:30 Europe/Berlin] PHP Deprecated:  Creation of dynamic property rcmail::$imap is deprecated in C:\xampp\htdocs\roundcube\program\lib\Roundcube\rcube.php on line 329
[01-May-2025 19:32:30 Europe/Berlin] PHP Deprecated:  Return type of zipdownload_mbox_filter::filter($in, $out, &$consumed, $closing) should either be compatible with php_user_filter::filter($in, $out, &$consumed, bool $closing): int, or the #[\ReturnTypeWillChange] attribute should be used to temporarily suppress the notice in C:\xampp\htdocs\roundcube\plugins\zipdownload\zipdownload.php on line 405
[01-May-2025 19:32:30 +0200]: <m7tiar55> PHP Error: php-zip extension is required for the zipdownload plugin in C:\xampp\htdocs\roundcube\plugins\zipdownload\zipdownload.php on line 36 (POST /roundcube/?_task=mail&_action=refresh)
[01-May-2025 19:32:30 Europe/Berlin] PHP Deprecated:  Creation of dynamic property rcmail::$imap is deprecated in C:\xampp\htdocs\roundcube\program\lib\Roundcube\rcube.php on line 329
[01-May-2025 19:33:30 Europe/Berlin] PHP Deprecated:  Return type of zipdownload_mbox_filter::filter($in, $out, &$consumed, $closing) should either be compatible with php_user_filter::filter($in, $out, &$consumed, bool $closing): int, or the #[\ReturnTypeWillChange] attribute should be used to temporarily suppress the notice in C:\xampp\htdocs\roundcube\plugins\zipdownload\zipdownload.php on line 405
[01-May-2025 19:33:30 +0200]: <m7tiar55> PHP Error: php-zip extension is required for the zipdownload plugin in C:\xampp\htdocs\roundcube\plugins\zipdownload\zipdownload.php on line 36 (POST /roundcube/?_task=mail&_action=refresh)
[01-May-2025 19:33:30 Europe/Berlin] PHP Deprecated:  Creation of dynamic property rcmail::$imap is deprecated in C:\xampp\htdocs\roundcube\program\lib\Roundcube\rcube.php on line 329
[01-May-2025 19:34:30 Europe/Berlin] PHP Deprecated:  Return type of zipdownload_mbox_filter::filter($in, $out, &$consumed, $closing) should either be compatible with php_user_filter::filter($in, $out, &$consumed, bool $closing): int, or the #[\ReturnTypeWillChange] attribute should be used to temporarily suppress the notice in C:\xampp\htdocs\roundcube\plugins\zipdownload\zipdownload.php on line 405
[01-May-2025 19:34:30 +0200]: <m7tiar55> PHP Error: php-zip extension is required for the zipdownload plugin in C:\xampp\htdocs\roundcube\plugins\zipdownload\zipdownload.php on line 36 (POST /roundcube/?_task=mail&_action=refresh)
[01-May-2025 19:34:30 Europe/Berlin] PHP Deprecated:  Creation of dynamic property rcmail::$imap is deprecated in C:\xampp\htdocs\roundcube\program\lib\Roundcube\rcube.php on line 329
[01-May-2025 19:35:28 Europe/Berlin] PHP Deprecated:  Return type of zipdownload_mbox_filter::filter($in, $out, &$consumed, $closing) should either be compatible with php_user_filter::filter($in, $out, &$consumed, bool $closing): int, or the #[\ReturnTypeWillChange] attribute should be used to temporarily suppress the notice in C:\xampp\htdocs\roundcube\plugins\zipdownload\zipdownload.php on line 405
[01-May-2025 19:35:28 +0200]: <m7tiar55> PHP Error: php-zip extension is required for the zipdownload plugin in C:\xampp\htdocs\roundcube\plugins\zipdownload\zipdownload.php on line 36 (GET /roundcube/?_task=mail&_action=plugin.asistente)
[01-May-2025 19:35:28 Europe/Berlin] PHP Deprecated:  Creation of dynamic property rcmail::$imap is deprecated in C:\xampp\htdocs\roundcube\program\lib\Roundcube\rcube.php on line 329
[01-May-2025 19:35:28 Europe/Berlin] PHP Deprecated:  strlen(): Passing null to parameter #1 ($string) of type string is deprecated in C:\xampp\htdocs\roundcube\program\actions\mail\index.php on line 182
[01-May-2025 19:35:28 +0200]: <m7tiar55> PHP Error: Error loading template for asistente.asistente in C:\xampp\htdocs\roundcube\program\include\rcmail_output_html.php on line 804 (GET /roundcube/?_task=mail&_action=plugin.asistente)
[02-May-2025 00:22:50 Europe/Berlin] PHP Deprecated:  Return type of zipdownload_mbox_filter::filter($in, $out, &$consumed, $closing) should either be compatible with php_user_filter::filter($in, $out, &$consumed, bool $closing): int, or the #[\ReturnTypeWillChange] attribute should be used to temporarily suppress the notice in C:\xampp\htdocs\roundcube\plugins\zipdownload\zipdownload.php on line 405
[02-May-2025 00:24:14 Europe/Berlin] PHP Deprecated:  Return type of zipdownload_mbox_filter::filter($in, $out, &$consumed, $closing) should either be compatible with php_user_filter::filter($in, $out, &$consumed, bool $closing): int, or the #[\ReturnTypeWillChange] attribute should be used to temporarily suppress the notice in C:\xampp\htdocs\roundcube\plugins\zipdownload\zipdownload.php on line 405
[02-May-2025 00:24:14 Europe/Berlin] PHP Deprecated:  Creation of dynamic property rcmail::$imap is deprecated in C:\xampp\htdocs\roundcube\program\lib\Roundcube\rcube.php on line 329
[02-May-2025 00:24:16 Europe/Berlin] PHP Deprecated:  strlen(): Passing null to parameter #1 ($string) of type string is deprecated in C:\xampp\htdocs\roundcube\program\include\rcmail.php on line 1190
[02-May-2025 00:24:16 Europe/Berlin] PHP Deprecated:  Return type of zipdownload_mbox_filter::filter($in, $out, &$consumed, $closing) should either be compatible with php_user_filter::filter($in, $out, &$consumed, bool $closing): int, or the #[\ReturnTypeWillChange] attribute should be used to temporarily suppress the notice in C:\xampp\htdocs\roundcube\plugins\zipdownload\zipdownload.php on line 405
[02-May-2025 00:24:16 +0200]: <eaom4ui6> PHP Error: php-zip extension is required for the zipdownload plugin in C:\xampp\htdocs\roundcube\plugins\zipdownload\zipdownload.php on line 36 (GET /roundcube/?_task=mail&_action=compose&_token=vqEq6a20AALQU1ytZotA451ADpTIoiOF)
[02-May-2025 00:24:16 Europe/Berlin] PHP Deprecated:  Creation of dynamic property rcmail::$imap is deprecated in C:\xampp\htdocs\roundcube\program\lib\Roundcube\rcube.php on line 329
[02-May-2025 00:24:16 Europe/Berlin] PHP Deprecated:  strlen(): Passing null to parameter #1 ($string) of type string is deprecated in C:\xampp\htdocs\roundcube\program\actions\mail\index.php on line 182
[02-May-2025 00:24:18 Europe/Berlin] PHP Deprecated:  Return type of zipdownload_mbox_filter::filter($in, $out, &$consumed, $closing) should either be compatible with php_user_filter::filter($in, $out, &$consumed, bool $closing): int, or the #[\ReturnTypeWillChange] attribute should be used to temporarily suppress the notice in C:\xampp\htdocs\roundcube\plugins\zipdownload\zipdownload.php on line 405
[02-May-2025 00:24:18 +0200]: <eaom4ui6> PHP Error: php-zip extension is required for the zipdownload plugin in C:\xampp\htdocs\roundcube\plugins\zipdownload\zipdownload.php on line 36 (GET /roundcube/?_task=mail&_action=compose&_id=2077321106813f49076ca0)
[02-May-2025 00:24:18 Europe/Berlin] PHP Deprecated:  Creation of dynamic property rcmail::$imap is deprecated in C:\xampp\htdocs\roundcube\program\lib\Roundcube\rcube.php on line 329
[02-May-2025 00:24:18 Europe/Berlin] PHP Deprecated:  strlen(): Passing null to parameter #1 ($string) of type string is deprecated in C:\xampp\htdocs\roundcube\program\actions\mail\index.php on line 182
[02-May-2025 00:24:18 Europe/Berlin] PHP Deprecated:  strlen(): Passing null to parameter #1 ($string) of type string is deprecated in C:\xampp\htdocs\roundcube\program\include\rcmail_output_html.php on line 1612
[02-May-2025 00:24:33 Europe/Berlin] PHP Deprecated:  Return type of zipdownload_mbox_filter::filter($in, $out, &$consumed, $closing) should either be compatible with php_user_filter::filter($in, $out, &$consumed, bool $closing): int, or the #[\ReturnTypeWillChange] attribute should be used to temporarily suppress the notice in C:\xampp\htdocs\roundcube\plugins\zipdownload\zipdownload.php on line 405
[02-May-2025 00:24:33 +0200]: <eaom4ui6> PHP Error: php-zip extension is required for the zipdownload plugin in C:\xampp\htdocs\roundcube\plugins\zipdownload\zipdownload.php on line 36 (GET /roundcube/?_task=mail&_action=compose)
[02-May-2025 00:24:33 Europe/Berlin] PHP Deprecated:  Creation of dynamic property rcmail::$imap is deprecated in C:\xampp\htdocs\roundcube\program\lib\Roundcube\rcube.php on line 329
[02-May-2025 00:24:33 Europe/Berlin] PHP Deprecated:  strlen(): Passing null to parameter #1 ($string) of type string is deprecated in C:\xampp\htdocs\roundcube\program\actions\mail\index.php on line 182
[02-May-2025 00:24:35 Europe/Berlin] PHP Deprecated:  Return type of zipdownload_mbox_filter::filter($in, $out, &$consumed, $closing) should either be compatible with php_user_filter::filter($in, $out, &$consumed, bool $closing): int, or the #[\ReturnTypeWillChange] attribute should be used to temporarily suppress the notice in C:\xampp\htdocs\roundcube\plugins\zipdownload\zipdownload.php on line 405
[02-May-2025 00:24:35 +0200]: <eaom4ui6> PHP Error: php-zip extension is required for the zipdownload plugin in C:\xampp\htdocs\roundcube\plugins\zipdownload\zipdownload.php on line 36 (GET /roundcube/?_task=mail&_action=compose&_id=4338567066813f4a193564)
[02-May-2025 00:24:35 Europe/Berlin] PHP Deprecated:  Creation of dynamic property rcmail::$imap is deprecated in C:\xampp\htdocs\roundcube\program\lib\Roundcube\rcube.php on line 329
[02-May-2025 00:24:35 Europe/Berlin] PHP Deprecated:  strlen(): Passing null to parameter #1 ($string) of type string is deprecated in C:\xampp\htdocs\roundcube\program\actions\mail\index.php on line 182
[02-May-2025 00:24:35 Europe/Berlin] PHP Deprecated:  strlen(): Passing null to parameter #1 ($string) of type string is deprecated in C:\xampp\htdocs\roundcube\program\include\rcmail_output_html.php on line 1612
[02-May-2025 00:24:54 Europe/Berlin] PHP Deprecated:  Return type of zipdownload_mbox_filter::filter($in, $out, &$consumed, $closing) should either be compatible with php_user_filter::filter($in, $out, &$consumed, bool $closing): int, or the #[\ReturnTypeWillChange] attribute should be used to temporarily suppress the notice in C:\xampp\htdocs\roundcube\plugins\zipdownload\zipdownload.php on line 405
[02-May-2025 00:24:54 +0200]: <eaom4ui6> PHP Error: php-zip extension is required for the zipdownload plugin in C:\xampp\htdocs\roundcube\plugins\zipdownload\zipdownload.php on line 36 (GET /roundcube/?_task=mail&_refresh=1&_mbox=INBOX)
[02-May-2025 00:24:54 Europe/Berlin] PHP Deprecated:  Creation of dynamic property rcmail::$imap is deprecated in C:\xampp\htdocs\roundcube\program\lib\Roundcube\rcube.php on line 329
[02-May-2025 00:24:56 Europe/Berlin] PHP Deprecated:  strpos(): Passing null to parameter #1 ($haystack) of type string is deprecated in C:\xampp\htdocs\roundcube\program\include\rcmail_action.php on line 1221
[02-May-2025 00:24:56 Europe/Berlin] PHP Deprecated:  strpos(): Passing null to parameter #1 ($haystack) of type string is deprecated in C:\xampp\htdocs\roundcube\program\include\rcmail_action.php on line 1221
[02-May-2025 00:24:56 Europe/Berlin] PHP Deprecated:  Return type of zipdownload_mbox_filter::filter($in, $out, &$consumed, $closing) should either be compatible with php_user_filter::filter($in, $out, &$consumed, bool $closing): int, or the #[\ReturnTypeWillChange] attribute should be used to temporarily suppress the notice in C:\xampp\htdocs\roundcube\plugins\zipdownload\zipdownload.php on line 405
[02-May-2025 00:24:56 Europe/Berlin] PHP Deprecated:  Return type of zipdownload_mbox_filter::filter($in, $out, &$consumed, $closing) should either be compatible with php_user_filter::filter($in, $out, &$consumed, bool $closing): int, or the #[\ReturnTypeWillChange] attribute should be used to temporarily suppress the notice in C:\xampp\htdocs\roundcube\plugins\zipdownload\zipdownload.php on line 405
[02-May-2025 00:24:56 +0200]: <eaom4ui6> PHP Error: php-zip extension is required for the zipdownload plugin in C:\xampp\htdocs\roundcube\plugins\zipdownload\zipdownload.php on line 36 (GET /roundcube/?_task=mail&_action=list&_refresh=1&_layout=widescreen&_mbox=INBOX&_page=&_remote=1&_unlock=loading1746138296685&_=1746138296556)
[02-May-2025 00:24:56 +0200]: <eaom4ui6> PHP Error: php-zip extension is required for the zipdownload plugin in C:\xampp\htdocs\roundcube\plugins\zipdownload\zipdownload.php on line 36 (GET /roundcube/?_task=mail&_action=getunread&_page=1&_remote=1&_unlock=0&_=1746138296557)
[02-May-2025 00:24:56 Europe/Berlin] PHP Deprecated:  Creation of dynamic property rcmail::$imap is deprecated in C:\xampp\htdocs\roundcube\program\lib\Roundcube\rcube.php on line 329
[02-May-2025 00:24:56 Europe/Berlin] PHP Deprecated:  Creation of dynamic property rcmail::$imap is deprecated in C:\xampp\htdocs\roundcube\program\lib\Roundcube\rcube.php on line 329
[02-May-2025 00:24:56 Europe/Berlin] PHP Deprecated:  strlen(): Passing null to parameter #1 ($string) of type string is deprecated in C:\xampp\htdocs\roundcube\program\actions\mail\index.php on line 182
[02-May-2025 00:25:22 Europe/Berlin] PHP Deprecated:  Return type of zipdownload_mbox_filter::filter($in, $out, &$consumed, $closing) should either be compatible with php_user_filter::filter($in, $out, &$consumed, bool $closing): int, or the #[\ReturnTypeWillChange] attribute should be used to temporarily suppress the notice in C:\xampp\htdocs\roundcube\plugins\zipdownload\zipdownload.php on line 405
[02-May-2025 00:25:28 Europe/Berlin] PHP Deprecated:  Return type of zipdownload_mbox_filter::filter($in, $out, &$consumed, $closing) should either be compatible with php_user_filter::filter($in, $out, &$consumed, bool $closing): int, or the #[\ReturnTypeWillChange] attribute should be used to temporarily suppress the notice in C:\xampp\htdocs\roundcube\plugins\zipdownload\zipdownload.php on line 405
[02-May-2025 00:25:28 +0200]: <eaom4ui6> PHP Error: php-zip extension is required for the zipdownload plugin in C:\xampp\htdocs\roundcube\plugins\zipdownload\zipdownload.php on line 36 (GET /roundcube/?_task=mail&_action=compose)
[02-May-2025 00:25:28 Europe/Berlin] PHP Deprecated:  Creation of dynamic property rcmail::$imap is deprecated in C:\xampp\htdocs\roundcube\program\lib\Roundcube\rcube.php on line 329
[02-May-2025 00:25:28 Europe/Berlin] PHP Deprecated:  strlen(): Passing null to parameter #1 ($string) of type string is deprecated in C:\xampp\htdocs\roundcube\program\actions\mail\index.php on line 182
[02-May-2025 00:25:30 Europe/Berlin] PHP Deprecated:  Return type of zipdownload_mbox_filter::filter($in, $out, &$consumed, $closing) should either be compatible with php_user_filter::filter($in, $out, &$consumed, bool $closing): int, or the #[\ReturnTypeWillChange] attribute should be used to temporarily suppress the notice in C:\xampp\htdocs\roundcube\plugins\zipdownload\zipdownload.php on line 405
[02-May-2025 00:25:30 +0200]: <eaom4ui6> PHP Error: php-zip extension is required for the zipdownload plugin in C:\xampp\htdocs\roundcube\plugins\zipdownload\zipdownload.php on line 36 (GET /roundcube/?_task=mail&_action=compose&_id=6015630146813f4d8641dd)
[02-May-2025 00:25:30 Europe/Berlin] PHP Deprecated:  Creation of dynamic property rcmail::$imap is deprecated in C:\xampp\htdocs\roundcube\program\lib\Roundcube\rcube.php on line 329
[02-May-2025 00:25:30 Europe/Berlin] PHP Deprecated:  strlen(): Passing null to parameter #1 ($string) of type string is deprecated in C:\xampp\htdocs\roundcube\program\actions\mail\index.php on line 182
[02-May-2025 00:25:30 Europe/Berlin] PHP Deprecated:  strlen(): Passing null to parameter #1 ($string) of type string is deprecated in C:\xampp\htdocs\roundcube\program\include\rcmail_output_html.php on line 1612
[02-May-2025 00:25:40 Europe/Berlin] PHP Deprecated:  Return type of zipdownload_mbox_filter::filter($in, $out, &$consumed, $closing) should either be compatible with php_user_filter::filter($in, $out, &$consumed, bool $closing): int, or the #[\ReturnTypeWillChange] attribute should be used to temporarily suppress the notice in C:\xampp\htdocs\roundcube\plugins\zipdownload\zipdownload.php on line 405
[02-May-2025 00:25:40 +0200]: <eaom4ui6> PHP Error: php-zip extension is required for the zipdownload plugin in C:\xampp\htdocs\roundcube\plugins\zipdownload\zipdownload.php on line 36 (GET /roundcube/?_task=mail&_action=plugin.asistente)
[02-May-2025 00:25:41 Europe/Berlin] PHP Deprecated:  Creation of dynamic property rcmail::$imap is deprecated in C:\xampp\htdocs\roundcube\program\lib\Roundcube\rcube.php on line 329
[02-May-2025 00:25:41 Europe/Berlin] PHP Deprecated:  strlen(): Passing null to parameter #1 ($string) of type string is deprecated in C:\xampp\htdocs\roundcube\program\actions\mail\index.php on line 182
[02-May-2025 00:25:41 +0200]: <eaom4ui6> PHP Error: Error loading template for asistente.asistente in C:\xampp\htdocs\roundcube\program\include\rcmail_output_html.php on line 804 (GET /roundcube/?_task=mail&_action=plugin.asistente)
[02-May-2025 00:25:45 Europe/Berlin] PHP Deprecated:  Return type of zipdownload_mbox_filter::filter($in, $out, &$consumed, $closing) should either be compatible with php_user_filter::filter($in, $out, &$consumed, bool $closing): int, or the #[\ReturnTypeWillChange] attribute should be used to temporarily suppress the notice in C:\xampp\htdocs\roundcube\plugins\zipdownload\zipdownload.php on line 405
[02-May-2025 00:25:47 Europe/Berlin] PHP Deprecated:  Return type of zipdownload_mbox_filter::filter($in, $out, &$consumed, $closing) should either be compatible with php_user_filter::filter($in, $out, &$consumed, bool $closing): int, or the #[\ReturnTypeWillChange] attribute should be used to temporarily suppress the notice in C:\xampp\htdocs\roundcube\plugins\zipdownload\zipdownload.php on line 405
[02-May-2025 00:25:47 +0200]: <eaom4ui6> PHP Error: php-zip extension is required for the zipdownload plugin in C:\xampp\htdocs\roundcube\plugins\zipdownload\zipdownload.php on line 36 (GET /roundcube/?_task=mail&_action=compose)
[02-May-2025 00:25:47 Europe/Berlin] PHP Deprecated:  Creation of dynamic property rcmail::$imap is deprecated in C:\xampp\htdocs\roundcube\program\lib\Roundcube\rcube.php on line 329
[02-May-2025 00:25:47 Europe/Berlin] PHP Deprecated:  strlen(): Passing null to parameter #1 ($string) of type string is deprecated in C:\xampp\htdocs\roundcube\program\actions\mail\index.php on line 182
[02-May-2025 00:25:49 Europe/Berlin] PHP Deprecated:  Return type of zipdownload_mbox_filter::filter($in, $out, &$consumed, $closing) should either be compatible with php_user_filter::filter($in, $out, &$consumed, bool $closing): int, or the #[\ReturnTypeWillChange] attribute should be used to temporarily suppress the notice in C:\xampp\htdocs\roundcube\plugins\zipdownload\zipdownload.php on line 405
[02-May-2025 00:25:49 +0200]: <eaom4ui6> PHP Error: php-zip extension is required for the zipdownload plugin in C:\xampp\htdocs\roundcube\plugins\zipdownload\zipdownload.php on line 36 (GET /roundcube/?_task=mail&_action=compose&_id=15984813436813f4eb47894)
[02-May-2025 00:25:49 Europe/Berlin] PHP Deprecated:  Creation of dynamic property rcmail::$imap is deprecated in C:\xampp\htdocs\roundcube\program\lib\Roundcube\rcube.php on line 329
[02-May-2025 00:25:49 Europe/Berlin] PHP Deprecated:  strlen(): Passing null to parameter #1 ($string) of type string is deprecated in C:\xampp\htdocs\roundcube\program\actions\mail\index.php on line 182
[02-May-2025 00:25:49 Europe/Berlin] PHP Deprecated:  strlen(): Passing null to parameter #1 ($string) of type string is deprecated in C:\xampp\htdocs\roundcube\program\include\rcmail_output_html.php on line 1612
[02-May-2025 00:25:53 Europe/Berlin] PHP Deprecated:  Return type of zipdownload_mbox_filter::filter($in, $out, &$consumed, $closing) should either be compatible with php_user_filter::filter($in, $out, &$consumed, bool $closing): int, or the #[\ReturnTypeWillChange] attribute should be used to temporarily suppress the notice in C:\xampp\htdocs\roundcube\plugins\zipdownload\zipdownload.php on line 405
[02-May-2025 00:25:53 +0200]: <eaom4ui6> PHP Error: php-zip extension is required for the zipdownload plugin in C:\xampp\htdocs\roundcube\plugins\zipdownload\zipdownload.php on line 36 (GET /roundcube/?_task=mail&_refresh=1&_mbox=INBOX)
[02-May-2025 00:25:53 Europe/Berlin] PHP Deprecated:  Creation of dynamic property rcmail::$imap is deprecated in C:\xampp\htdocs\roundcube\program\lib\Roundcube\rcube.php on line 329
[02-May-2025 00:25:55 Europe/Berlin] PHP Deprecated:  strpos(): Passing null to parameter #1 ($haystack) of type string is deprecated in C:\xampp\htdocs\roundcube\program\include\rcmail_action.php on line 1221
[02-May-2025 00:25:55 Europe/Berlin] PHP Deprecated:  strpos(): Passing null to parameter #1 ($haystack) of type string is deprecated in C:\xampp\htdocs\roundcube\program\include\rcmail_action.php on line 1221
[02-May-2025 00:25:55 Europe/Berlin] PHP Deprecated:  Return type of zipdownload_mbox_filter::filter($in, $out, &$consumed, $closing) should either be compatible with php_user_filter::filter($in, $out, &$consumed, bool $closing): int, or the #[\ReturnTypeWillChange] attribute should be used to temporarily suppress the notice in C:\xampp\htdocs\roundcube\plugins\zipdownload\zipdownload.php on line 405
[02-May-2025 00:25:55 Europe/Berlin] PHP Deprecated:  Return type of zipdownload_mbox_filter::filter($in, $out, &$consumed, $closing) should either be compatible with php_user_filter::filter($in, $out, &$consumed, bool $closing): int, or the #[\ReturnTypeWillChange] attribute should be used to temporarily suppress the notice in C:\xampp\htdocs\roundcube\plugins\zipdownload\zipdownload.php on line 405
[02-May-2025 00:25:55 +0200]: <eaom4ui6> PHP Error: php-zip extension is required for the zipdownload plugin in C:\xampp\htdocs\roundcube\plugins\zipdownload\zipdownload.php on line 36 (GET /roundcube/?_task=mail&_action=list&_refresh=1&_layout=widescreen&_mbox=INBOX&_page=&_remote=1&_unlock=loading1746138355531&_=1746138355432)
[02-May-2025 00:25:55 +0200]: <eaom4ui6> PHP Error: php-zip extension is required for the zipdownload plugin in C:\xampp\htdocs\roundcube\plugins\zipdownload\zipdownload.php on line 36 (GET /roundcube/?_task=mail&_action=getunread&_page=1&_remote=1&_unlock=0&_=1746138355433)
[02-May-2025 00:25:55 Europe/Berlin] PHP Deprecated:  Creation of dynamic property rcmail::$imap is deprecated in C:\xampp\htdocs\roundcube\program\lib\Roundcube\rcube.php on line 329
[02-May-2025 00:25:55 Europe/Berlin] PHP Deprecated:  Creation of dynamic property rcmail::$imap is deprecated in C:\xampp\htdocs\roundcube\program\lib\Roundcube\rcube.php on line 329
[02-May-2025 00:25:55 Europe/Berlin] PHP Deprecated:  strlen(): Passing null to parameter #1 ($string) of type string is deprecated in C:\xampp\htdocs\roundcube\program\actions\mail\index.php on line 182
[02-May-2025 00:26:07 Europe/Berlin] PHP Deprecated:  Return type of zipdownload_mbox_filter::filter($in, $out, &$consumed, $closing) should either be compatible with php_user_filter::filter($in, $out, &$consumed, bool $closing): int, or the #[\ReturnTypeWillChange] attribute should be used to temporarily suppress the notice in C:\xampp\htdocs\roundcube\plugins\zipdownload\zipdownload.php on line 405
[02-May-2025 00:26:07 +0200]: <eaom4ui6> PHP Error: php-zip extension is required for the zipdownload plugin in C:\xampp\htdocs\roundcube\plugins\zipdownload\zipdownload.php on line 36 (POST /roundcube/?_task=mail&_action=check-recent)
[02-May-2025 00:26:07 Europe/Berlin] PHP Deprecated:  Creation of dynamic property rcmail::$imap is deprecated in C:\xampp\htdocs\roundcube\program\lib\Roundcube\rcube.php on line 329
[02-May-2025 00:26:56 Europe/Berlin] PHP Deprecated:  Return type of zipdownload_mbox_filter::filter($in, $out, &$consumed, $closing) should either be compatible with php_user_filter::filter($in, $out, &$consumed, bool $closing): int, or the #[\ReturnTypeWillChange] attribute should be used to temporarily suppress the notice in C:\xampp\htdocs\roundcube\plugins\zipdownload\zipdownload.php on line 405
[02-May-2025 00:26:56 +0200]: <eaom4ui6> PHP Error: php-zip extension is required for the zipdownload plugin in C:\xampp\htdocs\roundcube\plugins\zipdownload\zipdownload.php on line 36 (POST /roundcube/?_task=mail&_action=refresh)
[02-May-2025 00:26:56 Europe/Berlin] PHP Deprecated:  Creation of dynamic property rcmail::$imap is deprecated in C:\xampp\htdocs\roundcube\program\lib\Roundcube\rcube.php on line 329
[02-May-2025 00:27:56 Europe/Berlin] PHP Deprecated:  Return type of zipdownload_mbox_filter::filter($in, $out, &$consumed, $closing) should either be compatible with php_user_filter::filter($in, $out, &$consumed, bool $closing): int, or the #[\ReturnTypeWillChange] attribute should be used to temporarily suppress the notice in C:\xampp\htdocs\roundcube\plugins\zipdownload\zipdownload.php on line 405
[02-May-2025 00:27:56 +0200]: <eaom4ui6> PHP Error: php-zip extension is required for the zipdownload plugin in C:\xampp\htdocs\roundcube\plugins\zipdownload\zipdownload.php on line 36 (POST /roundcube/?_task=mail&_action=refresh)
[02-May-2025 00:27:56 Europe/Berlin] PHP Deprecated:  Creation of dynamic property rcmail::$imap is deprecated in C:\xampp\htdocs\roundcube\program\lib\Roundcube\rcube.php on line 329
[02-May-2025 00:28:56 Europe/Berlin] PHP Deprecated:  Return type of zipdownload_mbox_filter::filter($in, $out, &$consumed, $closing) should either be compatible with php_user_filter::filter($in, $out, &$consumed, bool $closing): int, or the #[\ReturnTypeWillChange] attribute should be used to temporarily suppress the notice in C:\xampp\htdocs\roundcube\plugins\zipdownload\zipdownload.php on line 405
[02-May-2025 00:28:56 +0200]: <eaom4ui6> PHP Error: php-zip extension is required for the zipdownload plugin in C:\xampp\htdocs\roundcube\plugins\zipdownload\zipdownload.php on line 36 (POST /roundcube/?_task=mail&_action=refresh)
[02-May-2025 00:28:56 Europe/Berlin] PHP Deprecated:  Creation of dynamic property rcmail::$imap is deprecated in C:\xampp\htdocs\roundcube\program\lib\Roundcube\rcube.php on line 329
[02-May-2025 00:29:58 Europe/Berlin] PHP Deprecated:  Return type of zipdownload_mbox_filter::filter($in, $out, &$consumed, $closing) should either be compatible with php_user_filter::filter($in, $out, &$consumed, bool $closing): int, or the #[\ReturnTypeWillChange] attribute should be used to temporarily suppress the notice in C:\xampp\htdocs\roundcube\plugins\zipdownload\zipdownload.php on line 405
[02-May-2025 00:29:58 +0200]: <eaom4ui6> PHP Error: php-zip extension is required for the zipdownload plugin in C:\xampp\htdocs\roundcube\plugins\zipdownload\zipdownload.php on line 36 (POST /roundcube/?_task=mail&_action=refresh)
[02-May-2025 00:29:58 Europe/Berlin] PHP Deprecated:  Creation of dynamic property rcmail::$imap is deprecated in C:\xampp\htdocs\roundcube\program\lib\Roundcube\rcube.php on line 329
[02-May-2025 00:31:36 Europe/Berlin] PHP Deprecated:  Return type of zipdownload_mbox_filter::filter($in, $out, &$consumed, $closing) should either be compatible with php_user_filter::filter($in, $out, &$consumed, bool $closing): int, or the #[\ReturnTypeWillChange] attribute should be used to temporarily suppress the notice in C:\xampp\htdocs\roundcube\plugins\zipdownload\zipdownload.php on line 405
[02-May-2025 00:31:36 +0200]: <eaom4ui6> PHP Error: php-zip extension is required for the zipdownload plugin in C:\xampp\htdocs\roundcube\plugins\zipdownload\zipdownload.php on line 36 (POST /roundcube/?_task=mail&_action=refresh)
[02-May-2025 00:31:36 Europe/Berlin] PHP Deprecated:  Creation of dynamic property rcmail::$imap is deprecated in C:\xampp\htdocs\roundcube\program\lib\Roundcube\rcube.php on line 329
[02-May-2025 00:32:36 Europe/Berlin] PHP Deprecated:  Return type of zipdownload_mbox_filter::filter($in, $out, &$consumed, $closing) should either be compatible with php_user_filter::filter($in, $out, &$consumed, bool $closing): int, or the #[\ReturnTypeWillChange] attribute should be used to temporarily suppress the notice in C:\xampp\htdocs\roundcube\plugins\zipdownload\zipdownload.php on line 405
[02-May-2025 00:32:36 +0200]: <eaom4ui6> PHP Error: php-zip extension is required for the zipdownload plugin in C:\xampp\htdocs\roundcube\plugins\zipdownload\zipdownload.php on line 36 (POST /roundcube/?_task=mail&_action=refresh)
[02-May-2025 00:32:36 Europe/Berlin] PHP Deprecated:  Creation of dynamic property rcmail::$imap is deprecated in C:\xampp\htdocs\roundcube\program\lib\Roundcube\rcube.php on line 329
[02-May-2025 00:33:36 Europe/Berlin] PHP Deprecated:  Return type of zipdownload_mbox_filter::filter($in, $out, &$consumed, $closing) should either be compatible with php_user_filter::filter($in, $out, &$consumed, bool $closing): int, or the #[\ReturnTypeWillChange] attribute should be used to temporarily suppress the notice in C:\xampp\htdocs\roundcube\plugins\zipdownload\zipdownload.php on line 405
[02-May-2025 00:33:36 +0200]: <eaom4ui6> PHP Error: php-zip extension is required for the zipdownload plugin in C:\xampp\htdocs\roundcube\plugins\zipdownload\zipdownload.php on line 36 (POST /roundcube/?_task=mail&_action=refresh)
[02-May-2025 00:33:36 Europe/Berlin] PHP Deprecated:  Creation of dynamic property rcmail::$imap is deprecated in C:\xampp\htdocs\roundcube\program\lib\Roundcube\rcube.php on line 329
[02-May-2025 00:34:36 Europe/Berlin] PHP Deprecated:  Return type of zipdownload_mbox_filter::filter($in, $out, &$consumed, $closing) should either be compatible with php_user_filter::filter($in, $out, &$consumed, bool $closing): int, or the #[\ReturnTypeWillChange] attribute should be used to temporarily suppress the notice in C:\xampp\htdocs\roundcube\plugins\zipdownload\zipdownload.php on line 405
[02-May-2025 00:34:36 +0200]: <eaom4ui6> PHP Error: php-zip extension is required for the zipdownload plugin in C:\xampp\htdocs\roundcube\plugins\zipdownload\zipdownload.php on line 36 (POST /roundcube/?_task=mail&_action=refresh)
[02-May-2025 00:34:36 Europe/Berlin] PHP Deprecated:  Creation of dynamic property rcmail::$imap is deprecated in C:\xampp\htdocs\roundcube\program\lib\Roundcube\rcube.php on line 329
[02-May-2025 00:35:36 Europe/Berlin] PHP Deprecated:  Return type of zipdownload_mbox_filter::filter($in, $out, &$consumed, $closing) should either be compatible with php_user_filter::filter($in, $out, &$consumed, bool $closing): int, or the #[\ReturnTypeWillChange] attribute should be used to temporarily suppress the notice in C:\xampp\htdocs\roundcube\plugins\zipdownload\zipdownload.php on line 405
[02-May-2025 00:35:36 +0200]: <eaom4ui6> PHP Error: php-zip extension is required for the zipdownload plugin in C:\xampp\htdocs\roundcube\plugins\zipdownload\zipdownload.php on line 36 (POST /roundcube/?_task=mail&_action=refresh)
[02-May-2025 00:35:36 Europe/Berlin] PHP Deprecated:  Creation of dynamic property rcmail::$imap is deprecated in C:\xampp\htdocs\roundcube\program\lib\Roundcube\rcube.php on line 329
[02-May-2025 00:36:36 Europe/Berlin] PHP Deprecated:  Return type of zipdownload_mbox_filter::filter($in, $out, &$consumed, $closing) should either be compatible with php_user_filter::filter($in, $out, &$consumed, bool $closing): int, or the #[\ReturnTypeWillChange] attribute should be used to temporarily suppress the notice in C:\xampp\htdocs\roundcube\plugins\zipdownload\zipdownload.php on line 405
[02-May-2025 00:36:36 +0200]: <eaom4ui6> PHP Error: php-zip extension is required for the zipdownload plugin in C:\xampp\htdocs\roundcube\plugins\zipdownload\zipdownload.php on line 36 (POST /roundcube/?_task=mail&_action=refresh)
[02-May-2025 00:36:36 Europe/Berlin] PHP Deprecated:  Creation of dynamic property rcmail::$imap is deprecated in C:\xampp\htdocs\roundcube\program\lib\Roundcube\rcube.php on line 329
[02-May-2025 00:37:36 Europe/Berlin] PHP Deprecated:  Return type of zipdownload_mbox_filter::filter($in, $out, &$consumed, $closing) should either be compatible with php_user_filter::filter($in, $out, &$consumed, bool $closing): int, or the #[\ReturnTypeWillChange] attribute should be used to temporarily suppress the notice in C:\xampp\htdocs\roundcube\plugins\zipdownload\zipdownload.php on line 405
[02-May-2025 00:37:36 +0200]: <eaom4ui6> PHP Error: php-zip extension is required for the zipdownload plugin in C:\xampp\htdocs\roundcube\plugins\zipdownload\zipdownload.php on line 36 (POST /roundcube/?_task=mail&_action=refresh)
[02-May-2025 00:37:36 Europe/Berlin] PHP Deprecated:  Creation of dynamic property rcmail::$imap is deprecated in C:\xampp\htdocs\roundcube\program\lib\Roundcube\rcube.php on line 329
[02-May-2025 00:38:23 Europe/Berlin] PHP Deprecated:  Return type of zipdownload_mbox_filter::filter($in, $out, &$consumed, $closing) should either be compatible with php_user_filter::filter($in, $out, &$consumed, bool $closing): int, or the #[\ReturnTypeWillChange] attribute should be used to temporarily suppress the notice in C:\xampp\htdocs\roundcube\plugins\zipdownload\zipdownload.php on line 405
[02-May-2025 00:38:23 Europe/Berlin] PHP Parse error:  syntax error, unexpected token "if", expecting "function" or "const" in C:\xampp\htdocs\roundcube\plugins\asistente\asistente.php on line 34
[02-May-2025 00:38:24 Europe/Berlin] PHP Deprecated:  Return type of zipdownload_mbox_filter::filter($in, $out, &$consumed, $closing) should either be compatible with php_user_filter::filter($in, $out, &$consumed, bool $closing): int, or the #[\ReturnTypeWillChange] attribute should be used to temporarily suppress the notice in C:\xampp\htdocs\roundcube\plugins\zipdownload\zipdownload.php on line 405
[02-May-2025 00:38:24 Europe/Berlin] PHP Parse error:  syntax error, unexpected token "if", expecting "function" or "const" in C:\xampp\htdocs\roundcube\plugins\asistente\asistente.php on line 34
[02-May-2025 00:38:28 Europe/Berlin] PHP Deprecated:  Return type of zipdownload_mbox_filter::filter($in, $out, &$consumed, $closing) should either be compatible with php_user_filter::filter($in, $out, &$consumed, bool $closing): int, or the #[\ReturnTypeWillChange] attribute should be used to temporarily suppress the notice in C:\xampp\htdocs\roundcube\plugins\zipdownload\zipdownload.php on line 405
[02-May-2025 00:38:28 Europe/Berlin] PHP Parse error:  syntax error, unexpected token "if", expecting "function" or "const" in C:\xampp\htdocs\roundcube\plugins\asistente\asistente.php on line 34
[02-May-2025 00:38:29 Europe/Berlin] PHP Deprecated:  Return type of zipdownload_mbox_filter::filter($in, $out, &$consumed, $closing) should either be compatible with php_user_filter::filter($in, $out, &$consumed, bool $closing): int, or the #[\ReturnTypeWillChange] attribute should be used to temporarily suppress the notice in C:\xampp\htdocs\roundcube\plugins\zipdownload\zipdownload.php on line 405
[02-May-2025 00:38:29 Europe/Berlin] PHP Parse error:  syntax error, unexpected token "if", expecting "function" or "const" in C:\xampp\htdocs\roundcube\plugins\asistente\asistente.php on line 34
[02-May-2025 00:38:30 Europe/Berlin] PHP Deprecated:  Return type of zipdownload_mbox_filter::filter($in, $out, &$consumed, $closing) should either be compatible with php_user_filter::filter($in, $out, &$consumed, bool $closing): int, or the #[\ReturnTypeWillChange] attribute should be used to temporarily suppress the notice in C:\xampp\htdocs\roundcube\plugins\zipdownload\zipdownload.php on line 405
[02-May-2025 00:38:30 Europe/Berlin] PHP Parse error:  syntax error, unexpected token "if", expecting "function" or "const" in C:\xampp\htdocs\roundcube\plugins\asistente\asistente.php on line 34
[02-May-2025 00:38:30 Europe/Berlin] PHP Deprecated:  Return type of zipdownload_mbox_filter::filter($in, $out, &$consumed, $closing) should either be compatible with php_user_filter::filter($in, $out, &$consumed, bool $closing): int, or the #[\ReturnTypeWillChange] attribute should be used to temporarily suppress the notice in C:\xampp\htdocs\roundcube\plugins\zipdownload\zipdownload.php on line 405
[02-May-2025 00:38:30 Europe/Berlin] PHP Parse error:  syntax error, unexpected token "if", expecting "function" or "const" in C:\xampp\htdocs\roundcube\plugins\asistente\asistente.php on line 34
[02-May-2025 00:38:30 Europe/Berlin] PHP Deprecated:  Return type of zipdownload_mbox_filter::filter($in, $out, &$consumed, $closing) should either be compatible with php_user_filter::filter($in, $out, &$consumed, bool $closing): int, or the #[\ReturnTypeWillChange] attribute should be used to temporarily suppress the notice in C:\xampp\htdocs\roundcube\plugins\zipdownload\zipdownload.php on line 405
[02-May-2025 00:38:30 Europe/Berlin] PHP Parse error:  syntax error, unexpected token "if", expecting "function" or "const" in C:\xampp\htdocs\roundcube\plugins\asistente\asistente.php on line 34
[02-May-2025 00:38:31 Europe/Berlin] PHP Deprecated:  Return type of zipdownload_mbox_filter::filter($in, $out, &$consumed, $closing) should either be compatible with php_user_filter::filter($in, $out, &$consumed, bool $closing): int, or the #[\ReturnTypeWillChange] attribute should be used to temporarily suppress the notice in C:\xampp\htdocs\roundcube\plugins\zipdownload\zipdownload.php on line 405
[02-May-2025 00:38:31 Europe/Berlin] PHP Parse error:  syntax error, unexpected token "if", expecting "function" or "const" in C:\xampp\htdocs\roundcube\plugins\asistente\asistente.php on line 34
[02-May-2025 00:38:36 Europe/Berlin] PHP Deprecated:  Return type of zipdownload_mbox_filter::filter($in, $out, &$consumed, $closing) should either be compatible with php_user_filter::filter($in, $out, &$consumed, bool $closing): int, or the #[\ReturnTypeWillChange] attribute should be used to temporarily suppress the notice in C:\xampp\htdocs\roundcube\plugins\zipdownload\zipdownload.php on line 405
[02-May-2025 00:38:36 Europe/Berlin] PHP Parse error:  syntax error, unexpected token "if", expecting "function" or "const" in C:\xampp\htdocs\roundcube\plugins\asistente\asistente.php on line 34
[02-May-2025 00:38:42 Europe/Berlin] PHP Deprecated:  Return type of zipdownload_mbox_filter::filter($in, $out, &$consumed, $closing) should either be compatible with php_user_filter::filter($in, $out, &$consumed, bool $closing): int, or the #[\ReturnTypeWillChange] attribute should be used to temporarily suppress the notice in C:\xampp\htdocs\roundcube\plugins\zipdownload\zipdownload.php on line 405
[02-May-2025 00:38:42 Europe/Berlin] PHP Parse error:  syntax error, unexpected token "if", expecting "function" or "const" in C:\xampp\htdocs\roundcube\plugins\asistente\asistente.php on line 34
[02-May-2025 00:38:54 Europe/Berlin] PHP Deprecated:  Return type of zipdownload_mbox_filter::filter($in, $out, &$consumed, $closing) should either be compatible with php_user_filter::filter($in, $out, &$consumed, bool $closing): int, or the #[\ReturnTypeWillChange] attribute should be used to temporarily suppress the notice in C:\xampp\htdocs\roundcube\plugins\zipdownload\zipdownload.php on line 405
[02-May-2025 00:38:54 Europe/Berlin] PHP Parse error:  syntax error, unexpected token "if", expecting "function" or "const" in C:\xampp\htdocs\roundcube\plugins\asistente\asistente.php on line 34
[02-May-2025 00:38:55 Europe/Berlin] PHP Deprecated:  Return type of zipdownload_mbox_filter::filter($in, $out, &$consumed, $closing) should either be compatible with php_user_filter::filter($in, $out, &$consumed, bool $closing): int, or the #[\ReturnTypeWillChange] attribute should be used to temporarily suppress the notice in C:\xampp\htdocs\roundcube\plugins\zipdownload\zipdownload.php on line 405
[02-May-2025 00:38:55 Europe/Berlin] PHP Parse error:  syntax error, unexpected token "if", expecting "function" or "const" in C:\xampp\htdocs\roundcube\plugins\asistente\asistente.php on line 34
[02-May-2025 00:40:27 Europe/Berlin] PHP Deprecated:  Return type of zipdownload_mbox_filter::filter($in, $out, &$consumed, $closing) should either be compatible with php_user_filter::filter($in, $out, &$consumed, bool $closing): int, or the #[\ReturnTypeWillChange] attribute should be used to temporarily suppress the notice in C:\xampp\htdocs\roundcube\plugins\zipdownload\zipdownload.php on line 405
[02-May-2025 00:40:27 Europe/Berlin] PHP Parse error:  syntax error, unexpected token "if", expecting "function" or "const" in C:\xampp\htdocs\roundcube\plugins\asistente\asistente.php on line 34
[02-May-2025 00:41:29 Europe/Berlin] PHP Deprecated:  Return type of zipdownload_mbox_filter::filter($in, $out, &$consumed, $closing) should either be compatible with php_user_filter::filter($in, $out, &$consumed, bool $closing): int, or the #[\ReturnTypeWillChange] attribute should be used to temporarily suppress the notice in C:\xampp\htdocs\roundcube\plugins\zipdownload\zipdownload.php on line 405
[02-May-2025 00:41:29 Europe/Berlin] PHP Parse error:  syntax error, unexpected token "if", expecting "function" or "const" in C:\xampp\htdocs\roundcube\plugins\asistente\asistente.php on line 34
[02-May-2025 00:41:29 Europe/Berlin] PHP Deprecated:  Return type of zipdownload_mbox_filter::filter($in, $out, &$consumed, $closing) should either be compatible with php_user_filter::filter($in, $out, &$consumed, bool $closing): int, or the #[\ReturnTypeWillChange] attribute should be used to temporarily suppress the notice in C:\xampp\htdocs\roundcube\plugins\zipdownload\zipdownload.php on line 405
[02-May-2025 00:41:29 Europe/Berlin] PHP Parse error:  syntax error, unexpected token "if", expecting "function" or "const" in C:\xampp\htdocs\roundcube\plugins\asistente\asistente.php on line 34
[02-May-2025 00:41:30 Europe/Berlin] PHP Deprecated:  Return type of zipdownload_mbox_filter::filter($in, $out, &$consumed, $closing) should either be compatible with php_user_filter::filter($in, $out, &$consumed, bool $closing): int, or the #[\ReturnTypeWillChange] attribute should be used to temporarily suppress the notice in C:\xampp\htdocs\roundcube\plugins\zipdownload\zipdownload.php on line 405
[02-May-2025 00:41:30 Europe/Berlin] PHP Parse error:  syntax error, unexpected token "if", expecting "function" or "const" in C:\xampp\htdocs\roundcube\plugins\asistente\asistente.php on line 34
[02-May-2025 00:41:30 Europe/Berlin] PHP Deprecated:  Return type of zipdownload_mbox_filter::filter($in, $out, &$consumed, $closing) should either be compatible with php_user_filter::filter($in, $out, &$consumed, bool $closing): int, or the #[\ReturnTypeWillChange] attribute should be used to temporarily suppress the notice in C:\xampp\htdocs\roundcube\plugins\zipdownload\zipdownload.php on line 405
[02-May-2025 00:41:30 Europe/Berlin] PHP Parse error:  syntax error, unexpected token "if", expecting "function" or "const" in C:\xampp\htdocs\roundcube\plugins\asistente\asistente.php on line 34
[02-May-2025 00:46:05 Europe/Berlin] PHP Deprecated:  Return type of zipdownload_mbox_filter::filter($in, $out, &$consumed, $closing) should either be compatible with php_user_filter::filter($in, $out, &$consumed, bool $closing): int, or the #[\ReturnTypeWillChange] attribute should be used to temporarily suppress the notice in C:\xampp\htdocs\roundcube\plugins\zipdownload\zipdownload.php on line 405
[02-May-2025 00:46:05 +0200]: <eaom4ui6> PHP Error: php-zip extension is required for the zipdownload plugin in C:\xampp\htdocs\roundcube\plugins\zipdownload\zipdownload.php on line 36 (GET /roundcube/)
[02-May-2025 00:46:05 Europe/Berlin] PHP Warning:  Undefined property: asistente::$rc in C:\xampp\htdocs\roundcube\plugins\asistente\asistente.php on line 23
[02-May-2025 00:46:05 Europe/Berlin] PHP Warning:  Attempt to read property "task" on null in C:\xampp\htdocs\roundcube\plugins\asistente\asistente.php on line 23
[02-May-2025 00:46:05 Europe/Berlin] PHP Deprecated:  Creation of dynamic property rcmail::$imap is deprecated in C:\xampp\htdocs\roundcube\program\lib\Roundcube\rcube.php on line 329
[02-May-2025 00:46:05 Europe/Berlin] PHP Deprecated:  strlen(): Passing null to parameter #1 ($string) of type string is deprecated in C:\xampp\htdocs\roundcube\program\actions\mail\index.php on line 182
[02-May-2025 00:46:07 Europe/Berlin] PHP Deprecated:  strpos(): Passing null to parameter #1 ($haystack) of type string is deprecated in C:\xampp\htdocs\roundcube\program\include\rcmail_action.php on line 1221
[02-May-2025 00:46:07 Europe/Berlin] PHP Deprecated:  strpos(): Passing null to parameter #1 ($haystack) of type string is deprecated in C:\xampp\htdocs\roundcube\program\include\rcmail_action.php on line 1221
[02-May-2025 00:46:08 Europe/Berlin] PHP Deprecated:  Return type of zipdownload_mbox_filter::filter($in, $out, &$consumed, $closing) should either be compatible with php_user_filter::filter($in, $out, &$consumed, bool $closing): int, or the #[\ReturnTypeWillChange] attribute should be used to temporarily suppress the notice in C:\xampp\htdocs\roundcube\plugins\zipdownload\zipdownload.php on line 405
[02-May-2025 00:46:08 Europe/Berlin] PHP Deprecated:  Return type of zipdownload_mbox_filter::filter($in, $out, &$consumed, $closing) should either be compatible with php_user_filter::filter($in, $out, &$consumed, bool $closing): int, or the #[\ReturnTypeWillChange] attribute should be used to temporarily suppress the notice in C:\xampp\htdocs\roundcube\plugins\zipdownload\zipdownload.php on line 405
[02-May-2025 00:46:08 +0200]: <eaom4ui6> PHP Error: php-zip extension is required for the zipdownload plugin in C:\xampp\htdocs\roundcube\plugins\zipdownload\zipdownload.php on line 36 (GET /roundcube/?_task=mail&_action=list&_refresh=1&_layout=widescreen&_mbox=INBOX&_page=&_remote=1&_unlock=loading1746139568449&_=1746139568036)
[02-May-2025 00:46:08 Europe/Berlin] PHP Warning:  Undefined property: asistente::$rc in C:\xampp\htdocs\roundcube\plugins\asistente\asistente.php on line 23
[02-May-2025 00:46:08 Europe/Berlin] PHP Warning:  Attempt to read property "task" on null in C:\xampp\htdocs\roundcube\plugins\asistente\asistente.php on line 23
[02-May-2025 00:46:08 +0200]: <eaom4ui6> PHP Error: php-zip extension is required for the zipdownload plugin in C:\xampp\htdocs\roundcube\plugins\zipdownload\zipdownload.php on line 36 (GET /roundcube/?_task=mail&_action=getunread&_page=1&_remote=1&_unlock=0&_=1746139568037)
[02-May-2025 00:46:08 Europe/Berlin] PHP Warning:  Undefined property: asistente::$rc in C:\xampp\htdocs\roundcube\plugins\asistente\asistente.php on line 23
[02-May-2025 00:46:08 Europe/Berlin] PHP Warning:  Attempt to read property "task" on null in C:\xampp\htdocs\roundcube\plugins\asistente\asistente.php on line 23
[02-May-2025 00:46:08 Europe/Berlin] PHP Deprecated:  Creation of dynamic property rcmail::$imap is deprecated in C:\xampp\htdocs\roundcube\program\lib\Roundcube\rcube.php on line 329
[02-May-2025 00:46:08 Europe/Berlin] PHP Deprecated:  Creation of dynamic property rcmail::$imap is deprecated in C:\xampp\htdocs\roundcube\program\lib\Roundcube\rcube.php on line 329
[02-May-2025 00:46:08 Europe/Berlin] PHP Deprecated:  strlen(): Passing null to parameter #1 ($string) of type string is deprecated in C:\xampp\htdocs\roundcube\program\actions\mail\index.php on line 182
[02-May-2025 00:47:09 Europe/Berlin] PHP Deprecated:  Return type of zipdownload_mbox_filter::filter($in, $out, &$consumed, $closing) should either be compatible with php_user_filter::filter($in, $out, &$consumed, bool $closing): int, or the #[\ReturnTypeWillChange] attribute should be used to temporarily suppress the notice in C:\xampp\htdocs\roundcube\plugins\zipdownload\zipdownload.php on line 405
[02-May-2025 00:47:09 +0200]: <eaom4ui6> PHP Error: php-zip extension is required for the zipdownload plugin in C:\xampp\htdocs\roundcube\plugins\zipdownload\zipdownload.php on line 36 (POST /roundcube/?_task=mail&_action=refresh)
[02-May-2025 00:47:09 Europe/Berlin] PHP Warning:  Undefined property: asistente::$rc in C:\xampp\htdocs\roundcube\plugins\asistente\asistente.php on line 23
[02-May-2025 00:47:09 Europe/Berlin] PHP Warning:  Attempt to read property "task" on null in C:\xampp\htdocs\roundcube\plugins\asistente\asistente.php on line 23
[02-May-2025 00:47:09 Europe/Berlin] PHP Deprecated:  Creation of dynamic property rcmail::$imap is deprecated in C:\xampp\htdocs\roundcube\program\lib\Roundcube\rcube.php on line 329
[02-May-2025 00:48:09 Europe/Berlin] PHP Deprecated:  Return type of zipdownload_mbox_filter::filter($in, $out, &$consumed, $closing) should either be compatible with php_user_filter::filter($in, $out, &$consumed, bool $closing): int, or the #[\ReturnTypeWillChange] attribute should be used to temporarily suppress the notice in C:\xampp\htdocs\roundcube\plugins\zipdownload\zipdownload.php on line 405
[02-May-2025 00:48:09 +0200]: <eaom4ui6> PHP Error: php-zip extension is required for the zipdownload plugin in C:\xampp\htdocs\roundcube\plugins\zipdownload\zipdownload.php on line 36 (POST /roundcube/?_task=mail&_action=refresh)
[02-May-2025 00:48:09 Europe/Berlin] PHP Warning:  Undefined property: asistente::$rc in C:\xampp\htdocs\roundcube\plugins\asistente\asistente.php on line 23
[02-May-2025 00:48:09 Europe/Berlin] PHP Warning:  Attempt to read property "task" on null in C:\xampp\htdocs\roundcube\plugins\asistente\asistente.php on line 23
[02-May-2025 00:48:09 Europe/Berlin] PHP Deprecated:  Creation of dynamic property rcmail::$imap is deprecated in C:\xampp\htdocs\roundcube\program\lib\Roundcube\rcube.php on line 329
[02-May-2025 00:49:09 Europe/Berlin] PHP Deprecated:  Return type of zipdownload_mbox_filter::filter($in, $out, &$consumed, $closing) should either be compatible with php_user_filter::filter($in, $out, &$consumed, bool $closing): int, or the #[\ReturnTypeWillChange] attribute should be used to temporarily suppress the notice in C:\xampp\htdocs\roundcube\plugins\zipdownload\zipdownload.php on line 405
[02-May-2025 00:49:09 +0200]: <eaom4ui6> PHP Error: php-zip extension is required for the zipdownload plugin in C:\xampp\htdocs\roundcube\plugins\zipdownload\zipdownload.php on line 36 (POST /roundcube/?_task=mail&_action=refresh)
[02-May-2025 00:49:09 Europe/Berlin] PHP Warning:  Undefined property: asistente::$rc in C:\xampp\htdocs\roundcube\plugins\asistente\asistente.php on line 23
[02-May-2025 00:49:09 Europe/Berlin] PHP Warning:  Attempt to read property "task" on null in C:\xampp\htdocs\roundcube\plugins\asistente\asistente.php on line 23
[02-May-2025 00:49:09 Europe/Berlin] PHP Deprecated:  Creation of dynamic property rcmail::$imap is deprecated in C:\xampp\htdocs\roundcube\program\lib\Roundcube\rcube.php on line 329
[02-May-2025 00:50:09 Europe/Berlin] PHP Deprecated:  Return type of zipdownload_mbox_filter::filter($in, $out, &$consumed, $closing) should either be compatible with php_user_filter::filter($in, $out, &$consumed, bool $closing): int, or the #[\ReturnTypeWillChange] attribute should be used to temporarily suppress the notice in C:\xampp\htdocs\roundcube\plugins\zipdownload\zipdownload.php on line 405
[02-May-2025 00:50:09 +0200]: <eaom4ui6> PHP Error: php-zip extension is required for the zipdownload plugin in C:\xampp\htdocs\roundcube\plugins\zipdownload\zipdownload.php on line 36 (POST /roundcube/?_task=mail&_action=refresh)
[02-May-2025 00:50:09 Europe/Berlin] PHP Warning:  Undefined property: asistente::$rc in C:\xampp\htdocs\roundcube\plugins\asistente\asistente.php on line 23
[02-May-2025 00:50:09 Europe/Berlin] PHP Warning:  Attempt to read property "task" on null in C:\xampp\htdocs\roundcube\plugins\asistente\asistente.php on line 23
[02-May-2025 00:50:09 Europe/Berlin] PHP Deprecated:  Creation of dynamic property rcmail::$imap is deprecated in C:\xampp\htdocs\roundcube\program\lib\Roundcube\rcube.php on line 329
[02-May-2025 00:51:11 Europe/Berlin] PHP Deprecated:  Return type of zipdownload_mbox_filter::filter($in, $out, &$consumed, $closing) should either be compatible with php_user_filter::filter($in, $out, &$consumed, bool $closing): int, or the #[\ReturnTypeWillChange] attribute should be used to temporarily suppress the notice in C:\xampp\htdocs\roundcube\plugins\zipdownload\zipdownload.php on line 405
[02-May-2025 00:51:11 +0200]: <eaom4ui6> PHP Error: php-zip extension is required for the zipdownload plugin in C:\xampp\htdocs\roundcube\plugins\zipdownload\zipdownload.php on line 36 (POST /roundcube/?_task=mail&_action=refresh)
[02-May-2025 00:51:11 Europe/Berlin] PHP Warning:  Undefined property: asistente::$rc in C:\xampp\htdocs\roundcube\plugins\asistente\asistente.php on line 23
[02-May-2025 00:51:11 Europe/Berlin] PHP Warning:  Attempt to read property "task" on null in C:\xampp\htdocs\roundcube\plugins\asistente\asistente.php on line 23
[02-May-2025 00:51:11 Europe/Berlin] PHP Deprecated:  Creation of dynamic property rcmail::$imap is deprecated in C:\xampp\htdocs\roundcube\program\lib\Roundcube\rcube.php on line 329
[02-May-2025 00:52:09 Europe/Berlin] PHP Deprecated:  Return type of zipdownload_mbox_filter::filter($in, $out, &$consumed, $closing) should either be compatible with php_user_filter::filter($in, $out, &$consumed, bool $closing): int, or the #[\ReturnTypeWillChange] attribute should be used to temporarily suppress the notice in C:\xampp\htdocs\roundcube\plugins\zipdownload\zipdownload.php on line 405
[02-May-2025 00:52:09 +0200]: <eaom4ui6> PHP Error: php-zip extension is required for the zipdownload plugin in C:\xampp\htdocs\roundcube\plugins\zipdownload\zipdownload.php on line 36 (POST /roundcube/?_task=mail&_action=refresh)
[02-May-2025 00:52:09 Europe/Berlin] PHP Warning:  Undefined property: asistente::$rc in C:\xampp\htdocs\roundcube\plugins\asistente\asistente.php on line 23
[02-May-2025 00:52:09 Europe/Berlin] PHP Warning:  Attempt to read property "task" on null in C:\xampp\htdocs\roundcube\plugins\asistente\asistente.php on line 23
[02-May-2025 00:52:09 Europe/Berlin] PHP Deprecated:  Creation of dynamic property rcmail::$imap is deprecated in C:\xampp\htdocs\roundcube\program\lib\Roundcube\rcube.php on line 329
[02-May-2025 00:53:11 Europe/Berlin] PHP Deprecated:  Return type of zipdownload_mbox_filter::filter($in, $out, &$consumed, $closing) should either be compatible with php_user_filter::filter($in, $out, &$consumed, bool $closing): int, or the #[\ReturnTypeWillChange] attribute should be used to temporarily suppress the notice in C:\xampp\htdocs\roundcube\plugins\zipdownload\zipdownload.php on line 405
[02-May-2025 00:53:11 +0200]: <eaom4ui6> PHP Error: php-zip extension is required for the zipdownload plugin in C:\xampp\htdocs\roundcube\plugins\zipdownload\zipdownload.php on line 36 (POST /roundcube/?_task=mail&_action=refresh)
[02-May-2025 00:53:11 Europe/Berlin] PHP Warning:  Undefined property: asistente::$rc in C:\xampp\htdocs\roundcube\plugins\asistente\asistente.php on line 23
[02-May-2025 00:53:11 Europe/Berlin] PHP Warning:  Attempt to read property "task" on null in C:\xampp\htdocs\roundcube\plugins\asistente\asistente.php on line 23
[02-May-2025 00:53:11 Europe/Berlin] PHP Deprecated:  Creation of dynamic property rcmail::$imap is deprecated in C:\xampp\htdocs\roundcube\program\lib\Roundcube\rcube.php on line 329
[02-May-2025 00:53:41 Europe/Berlin] PHP Deprecated:  Return type of zipdownload_mbox_filter::filter($in, $out, &$consumed, $closing) should either be compatible with php_user_filter::filter($in, $out, &$consumed, bool $closing): int, or the #[\ReturnTypeWillChange] attribute should be used to temporarily suppress the notice in C:\xampp\htdocs\roundcube\plugins\zipdownload\zipdownload.php on line 405
[02-May-2025 00:53:41 +0200]: <eaom4ui6> PHP Error: php-zip extension is required for the zipdownload plugin in C:\xampp\htdocs\roundcube\plugins\zipdownload\zipdownload.php on line 36 (GET /roundcube/?_task=mail&_mbox=INBOX)
[02-May-2025 00:53:41 Europe/Berlin] PHP Warning:  Undefined property: asistente::$rc in C:\xampp\htdocs\roundcube\plugins\asistente\asistente.php on line 23
[02-May-2025 00:53:41 Europe/Berlin] PHP Warning:  Attempt to read property "task" on null in C:\xampp\htdocs\roundcube\plugins\asistente\asistente.php on line 23
[02-May-2025 00:53:41 Europe/Berlin] PHP Deprecated:  Creation of dynamic property rcmail::$imap is deprecated in C:\xampp\htdocs\roundcube\program\lib\Roundcube\rcube.php on line 329
[02-May-2025 00:53:43 Europe/Berlin] PHP Deprecated:  strpos(): Passing null to parameter #1 ($haystack) of type string is deprecated in C:\xampp\htdocs\roundcube\program\include\rcmail_action.php on line 1221
[02-May-2025 00:53:43 Europe/Berlin] PHP Deprecated:  strpos(): Passing null to parameter #1 ($haystack) of type string is deprecated in C:\xampp\htdocs\roundcube\program\include\rcmail_action.php on line 1221
[02-May-2025 00:53:44 Europe/Berlin] PHP Deprecated:  Return type of zipdownload_mbox_filter::filter($in, $out, &$consumed, $closing) should either be compatible with php_user_filter::filter($in, $out, &$consumed, bool $closing): int, or the #[\ReturnTypeWillChange] attribute should be used to temporarily suppress the notice in C:\xampp\htdocs\roundcube\plugins\zipdownload\zipdownload.php on line 405
[02-May-2025 00:53:44 Europe/Berlin] PHP Deprecated:  Return type of zipdownload_mbox_filter::filter($in, $out, &$consumed, $closing) should either be compatible with php_user_filter::filter($in, $out, &$consumed, bool $closing): int, or the #[\ReturnTypeWillChange] attribute should be used to temporarily suppress the notice in C:\xampp\htdocs\roundcube\plugins\zipdownload\zipdownload.php on line 405
[02-May-2025 00:53:44 +0200]: <eaom4ui6> PHP Error: php-zip extension is required for the zipdownload plugin in C:\xampp\htdocs\roundcube\plugins\zipdownload\zipdownload.php on line 36 (GET /roundcube/?_task=mail&_action=getunread&_page=1&_remote=1&_unlock=0&_=1746140023714)
[02-May-2025 00:53:44 Europe/Berlin] PHP Warning:  Undefined property: asistente::$rc in C:\xampp\htdocs\roundcube\plugins\asistente\asistente.php on line 23
[02-May-2025 00:53:44 Europe/Berlin] PHP Warning:  Attempt to read property "task" on null in C:\xampp\htdocs\roundcube\plugins\asistente\asistente.php on line 23
[02-May-2025 00:53:44 +0200]: <eaom4ui6> PHP Error: php-zip extension is required for the zipdownload plugin in C:\xampp\htdocs\roundcube\plugins\zipdownload\zipdownload.php on line 36 (GET /roundcube/?_task=mail&_action=list&_refresh=1&_layout=widescreen&_mbox=INBOX&_page=&_remote=1&_unlock=loading1746140023962&_=1746140023713)
[02-May-2025 00:53:44 Europe/Berlin] PHP Warning:  Undefined property: asistente::$rc in C:\xampp\htdocs\roundcube\plugins\asistente\asistente.php on line 23
[02-May-2025 00:53:44 Europe/Berlin] PHP Warning:  Attempt to read property "task" on null in C:\xampp\htdocs\roundcube\plugins\asistente\asistente.php on line 23
[02-May-2025 00:53:44 Europe/Berlin] PHP Deprecated:  Creation of dynamic property rcmail::$imap is deprecated in C:\xampp\htdocs\roundcube\program\lib\Roundcube\rcube.php on line 329
[02-May-2025 00:53:44 Europe/Berlin] PHP Deprecated:  strlen(): Passing null to parameter #1 ($string) of type string is deprecated in C:\xampp\htdocs\roundcube\program\actions\mail\index.php on line 182
[02-May-2025 00:53:44 Europe/Berlin] PHP Deprecated:  Creation of dynamic property rcmail::$imap is deprecated in C:\xampp\htdocs\roundcube\program\lib\Roundcube\rcube.php on line 329
[02-May-2025 00:54:13 Europe/Berlin] PHP Deprecated:  Return type of zipdownload_mbox_filter::filter($in, $out, &$consumed, $closing) should either be compatible with php_user_filter::filter($in, $out, &$consumed, bool $closing): int, or the #[\ReturnTypeWillChange] attribute should be used to temporarily suppress the notice in C:\xampp\htdocs\roundcube\plugins\zipdownload\zipdownload.php on line 405
[02-May-2025 00:54:13 +0200]: <eaom4ui6> PHP Error: php-zip extension is required for the zipdownload plugin in C:\xampp\htdocs\roundcube\plugins\zipdownload\zipdownload.php on line 36 (GET /roundcube/?_task=mail&_mbox=INBOX)
[02-May-2025 00:54:13 Europe/Berlin] PHP Warning:  Undefined property: asistente::$rc in C:\xampp\htdocs\roundcube\plugins\asistente\asistente.php on line 23
[02-May-2025 00:54:13 Europe/Berlin] PHP Warning:  Attempt to read property "task" on null in C:\xampp\htdocs\roundcube\plugins\asistente\asistente.php on line 23
[02-May-2025 00:54:13 Europe/Berlin] PHP Deprecated:  Creation of dynamic property rcmail::$imap is deprecated in C:\xampp\htdocs\roundcube\program\lib\Roundcube\rcube.php on line 329
[02-May-2025 00:54:15 Europe/Berlin] PHP Deprecated:  strpos(): Passing null to parameter #1 ($haystack) of type string is deprecated in C:\xampp\htdocs\roundcube\program\include\rcmail_action.php on line 1221
[02-May-2025 00:54:15 Europe/Berlin] PHP Deprecated:  strpos(): Passing null to parameter #1 ($haystack) of type string is deprecated in C:\xampp\htdocs\roundcube\program\include\rcmail_action.php on line 1221
[02-May-2025 00:54:15 Europe/Berlin] PHP Deprecated:  Return type of zipdownload_mbox_filter::filter($in, $out, &$consumed, $closing) should either be compatible with php_user_filter::filter($in, $out, &$consumed, bool $closing): int, or the #[\ReturnTypeWillChange] attribute should be used to temporarily suppress the notice in C:\xampp\htdocs\roundcube\plugins\zipdownload\zipdownload.php on line 405
[02-May-2025 00:54:15 Europe/Berlin] PHP Deprecated:  Return type of zipdownload_mbox_filter::filter($in, $out, &$consumed, $closing) should either be compatible with php_user_filter::filter($in, $out, &$consumed, bool $closing): int, or the #[\ReturnTypeWillChange] attribute should be used to temporarily suppress the notice in C:\xampp\htdocs\roundcube\plugins\zipdownload\zipdownload.php on line 405
[02-May-2025 00:54:15 +0200]: <eaom4ui6> PHP Error: php-zip extension is required for the zipdownload plugin in C:\xampp\htdocs\roundcube\plugins\zipdownload\zipdownload.php on line 36 (GET /roundcube/?_task=mail&_action=getunread&_page=1&_remote=1&_unlock=0&_=1746140055265)
[02-May-2025 00:54:15 Europe/Berlin] PHP Warning:  Undefined property: asistente::$rc in C:\xampp\htdocs\roundcube\plugins\asistente\asistente.php on line 23
[02-May-2025 00:54:15 Europe/Berlin] PHP Warning:  Attempt to read property "task" on null in C:\xampp\htdocs\roundcube\plugins\asistente\asistente.php on line 23
[02-May-2025 00:54:15 +0200]: <eaom4ui6> PHP Error: php-zip extension is required for the zipdownload plugin in C:\xampp\htdocs\roundcube\plugins\zipdownload\zipdownload.php on line 36 (GET /roundcube/?_task=mail&_action=list&_refresh=1&_layout=widescreen&_mbox=INBOX&_page=&_remote=1&_unlock=loading1746140055418&_=1746140055264)
[02-May-2025 00:54:15 Europe/Berlin] PHP Warning:  Undefined property: asistente::$rc in C:\xampp\htdocs\roundcube\plugins\asistente\asistente.php on line 23
[02-May-2025 00:54:15 Europe/Berlin] PHP Warning:  Attempt to read property "task" on null in C:\xampp\htdocs\roundcube\plugins\asistente\asistente.php on line 23
[02-May-2025 00:54:15 Europe/Berlin] PHP Deprecated:  Creation of dynamic property rcmail::$imap is deprecated in C:\xampp\htdocs\roundcube\program\lib\Roundcube\rcube.php on line 329
[02-May-2025 00:54:15 Europe/Berlin] PHP Deprecated:  strlen(): Passing null to parameter #1 ($string) of type string is deprecated in C:\xampp\htdocs\roundcube\program\actions\mail\index.php on line 182
[02-May-2025 00:54:15 Europe/Berlin] PHP Deprecated:  Creation of dynamic property rcmail::$imap is deprecated in C:\xampp\htdocs\roundcube\program\lib\Roundcube\rcube.php on line 329
[02-May-2025 00:55:11 Europe/Berlin] PHP Deprecated:  Return type of zipdownload_mbox_filter::filter($in, $out, &$consumed, $closing) should either be compatible with php_user_filter::filter($in, $out, &$consumed, bool $closing): int, or the #[\ReturnTypeWillChange] attribute should be used to temporarily suppress the notice in C:\xampp\htdocs\roundcube\plugins\zipdownload\zipdownload.php on line 405
[02-May-2025 00:55:11 +0200]: <eaom4ui6> PHP Error: php-zip extension is required for the zipdownload plugin in C:\xampp\htdocs\roundcube\plugins\zipdownload\zipdownload.php on line 36 (GET /roundcube/?_task=mail&_mbox=INBOX&_action=compose)
[02-May-2025 00:55:11 Europe/Berlin] PHP Warning:  Undefined property: asistente::$rc in C:\xampp\htdocs\roundcube\plugins\asistente\asistente.php on line 23
[02-May-2025 00:55:11 Europe/Berlin] PHP Warning:  Attempt to read property "task" on null in C:\xampp\htdocs\roundcube\plugins\asistente\asistente.php on line 23
[02-May-2025 00:55:11 Europe/Berlin] PHP Deprecated:  Creation of dynamic property rcmail::$imap is deprecated in C:\xampp\htdocs\roundcube\program\lib\Roundcube\rcube.php on line 329
[02-May-2025 00:55:13 Europe/Berlin] PHP Deprecated:  Return type of zipdownload_mbox_filter::filter($in, $out, &$consumed, $closing) should either be compatible with php_user_filter::filter($in, $out, &$consumed, bool $closing): int, or the #[\ReturnTypeWillChange] attribute should be used to temporarily suppress the notice in C:\xampp\htdocs\roundcube\plugins\zipdownload\zipdownload.php on line 405
[02-May-2025 00:55:13 +0200]: <eaom4ui6> PHP Error: php-zip extension is required for the zipdownload plugin in C:\xampp\htdocs\roundcube\plugins\zipdownload\zipdownload.php on line 36 (GET /roundcube/?_task=mail&_action=compose&_id=14793065736813fbcf3bb69)
[02-May-2025 00:55:13 Europe/Berlin] PHP Warning:  Undefined property: asistente::$rc in C:\xampp\htdocs\roundcube\plugins\asistente\asistente.php on line 23
[02-May-2025 00:55:13 Europe/Berlin] PHP Warning:  Attempt to read property "task" on null in C:\xampp\htdocs\roundcube\plugins\asistente\asistente.php on line 23
[02-May-2025 00:55:13 Europe/Berlin] PHP Deprecated:  Creation of dynamic property rcmail::$imap is deprecated in C:\xampp\htdocs\roundcube\program\lib\Roundcube\rcube.php on line 329
[02-May-2025 00:55:13 Europe/Berlin] PHP Deprecated:  strlen(): Passing null to parameter #1 ($string) of type string is deprecated in C:\xampp\htdocs\roundcube\program\actions\mail\index.php on line 182
[02-May-2025 00:55:13 Europe/Berlin] PHP Deprecated:  strlen(): Passing null to parameter #1 ($string) of type string is deprecated in C:\xampp\htdocs\roundcube\program\include\rcmail_output_html.php on line 1612
[02-May-2025 00:55:23 Europe/Berlin] PHP Deprecated:  Return type of zipdownload_mbox_filter::filter($in, $out, &$consumed, $closing) should either be compatible with php_user_filter::filter($in, $out, &$consumed, bool $closing): int, or the #[\ReturnTypeWillChange] attribute should be used to temporarily suppress the notice in C:\xampp\htdocs\roundcube\plugins\zipdownload\zipdownload.php on line 405
[02-May-2025 00:55:23 +0200]: <eaom4ui6> PHP Error: php-zip extension is required for the zipdownload plugin in C:\xampp\htdocs\roundcube\plugins\zipdownload\zipdownload.php on line 36 (GET /roundcube/?_task=mail&_refresh=1&_mbox=INBOX)
[02-May-2025 00:55:23 Europe/Berlin] PHP Warning:  Undefined property: asistente::$rc in C:\xampp\htdocs\roundcube\plugins\asistente\asistente.php on line 23
[02-May-2025 00:55:23 Europe/Berlin] PHP Warning:  Attempt to read property "task" on null in C:\xampp\htdocs\roundcube\plugins\asistente\asistente.php on line 23
[02-May-2025 00:55:23 Europe/Berlin] PHP Deprecated:  Creation of dynamic property rcmail::$imap is deprecated in C:\xampp\htdocs\roundcube\program\lib\Roundcube\rcube.php on line 329
[02-May-2025 00:55:25 Europe/Berlin] PHP Deprecated:  strpos(): Passing null to parameter #1 ($haystack) of type string is deprecated in C:\xampp\htdocs\roundcube\program\include\rcmail_action.php on line 1221
[02-May-2025 00:55:25 Europe/Berlin] PHP Deprecated:  strpos(): Passing null to parameter #1 ($haystack) of type string is deprecated in C:\xampp\htdocs\roundcube\program\include\rcmail_action.php on line 1221
[02-May-2025 00:55:25 Europe/Berlin] PHP Deprecated:  Return type of zipdownload_mbox_filter::filter($in, $out, &$consumed, $closing) should either be compatible with php_user_filter::filter($in, $out, &$consumed, bool $closing): int, or the #[\ReturnTypeWillChange] attribute should be used to temporarily suppress the notice in C:\xampp\htdocs\roundcube\plugins\zipdownload\zipdownload.php on line 405
[02-May-2025 00:55:25 Europe/Berlin] PHP Deprecated:  Return type of zipdownload_mbox_filter::filter($in, $out, &$consumed, $closing) should either be compatible with php_user_filter::filter($in, $out, &$consumed, bool $closing): int, or the #[\ReturnTypeWillChange] attribute should be used to temporarily suppress the notice in C:\xampp\htdocs\roundcube\plugins\zipdownload\zipdownload.php on line 405
[02-May-2025 00:55:25 +0200]: <eaom4ui6> PHP Error: php-zip extension is required for the zipdownload plugin in C:\xampp\htdocs\roundcube\plugins\zipdownload\zipdownload.php on line 36 (GET /roundcube/?_task=mail&_action=list&_refresh=1&_layout=widescreen&_mbox=INBOX&_page=&_remote=1&_unlock=loading1746140125776&_=1746140125630)
[02-May-2025 00:55:25 Europe/Berlin] PHP Warning:  Undefined property: asistente::$rc in C:\xampp\htdocs\roundcube\plugins\asistente\asistente.php on line 23
[02-May-2025 00:55:25 Europe/Berlin] PHP Warning:  Attempt to read property "task" on null in C:\xampp\htdocs\roundcube\plugins\asistente\asistente.php on line 23
[02-May-2025 00:55:25 +0200]: <eaom4ui6> PHP Error: php-zip extension is required for the zipdownload plugin in C:\xampp\htdocs\roundcube\plugins\zipdownload\zipdownload.php on line 36 (GET /roundcube/?_task=mail&_action=getunread&_page=1&_remote=1&_unlock=0&_=1746140125631)
[02-May-2025 00:55:25 Europe/Berlin] PHP Warning:  Undefined property: asistente::$rc in C:\xampp\htdocs\roundcube\plugins\asistente\asistente.php on line 23
[02-May-2025 00:55:25 Europe/Berlin] PHP Warning:  Attempt to read property "task" on null in C:\xampp\htdocs\roundcube\plugins\asistente\asistente.php on line 23
[02-May-2025 00:55:25 Europe/Berlin] PHP Deprecated:  Creation of dynamic property rcmail::$imap is deprecated in C:\xampp\htdocs\roundcube\program\lib\Roundcube\rcube.php on line 329
[02-May-2025 00:55:25 Europe/Berlin] PHP Deprecated:  Creation of dynamic property rcmail::$imap is deprecated in C:\xampp\htdocs\roundcube\program\lib\Roundcube\rcube.php on line 329
[02-May-2025 00:55:25 Europe/Berlin] PHP Deprecated:  strlen(): Passing null to parameter #1 ($string) of type string is deprecated in C:\xampp\htdocs\roundcube\program\actions\mail\index.php on line 182
[02-May-2025 00:55:55 Europe/Berlin] PHP Deprecated:  Return type of zipdownload_mbox_filter::filter($in, $out, &$consumed, $closing) should either be compatible with php_user_filter::filter($in, $out, &$consumed, bool $closing): int, or the #[\ReturnTypeWillChange] attribute should be used to temporarily suppress the notice in C:\xampp\htdocs\roundcube\plugins\zipdownload\zipdownload.php on line 405
[02-May-2025 00:55:55 +0200]: <eaom4ui6> PHP Error: php-zip extension is required for the zipdownload plugin in C:\xampp\htdocs\roundcube\plugins\zipdownload\zipdownload.php on line 36 (GET /roundcube/?_task=mail&_mbox=INBOX&_action=compose)
[02-May-2025 00:55:55 Europe/Berlin] PHP Warning:  Undefined property: asistente::$rc in C:\xampp\htdocs\roundcube\plugins\asistente\asistente.php on line 23
[02-May-2025 00:55:55 Europe/Berlin] PHP Warning:  Attempt to read property "task" on null in C:\xampp\htdocs\roundcube\plugins\asistente\asistente.php on line 23
[02-May-2025 00:55:55 Europe/Berlin] PHP Deprecated:  Creation of dynamic property rcmail::$imap is deprecated in C:\xampp\htdocs\roundcube\program\lib\Roundcube\rcube.php on line 329
[02-May-2025 00:55:57 Europe/Berlin] PHP Deprecated:  Return type of zipdownload_mbox_filter::filter($in, $out, &$consumed, $closing) should either be compatible with php_user_filter::filter($in, $out, &$consumed, bool $closing): int, or the #[\ReturnTypeWillChange] attribute should be used to temporarily suppress the notice in C:\xampp\htdocs\roundcube\plugins\zipdownload\zipdownload.php on line 405
[02-May-2025 00:55:57 +0200]: <eaom4ui6> PHP Error: php-zip extension is required for the zipdownload plugin in C:\xampp\htdocs\roundcube\plugins\zipdownload\zipdownload.php on line 36 (GET /roundcube/?_task=mail&_action=compose&_id=13308959376813fbfb31f99)
[02-May-2025 00:55:57 Europe/Berlin] PHP Warning:  Undefined property: asistente::$rc in C:\xampp\htdocs\roundcube\plugins\asistente\asistente.php on line 23
[02-May-2025 00:55:57 Europe/Berlin] PHP Warning:  Attempt to read property "task" on null in C:\xampp\htdocs\roundcube\plugins\asistente\asistente.php on line 23
[02-May-2025 00:55:57 Europe/Berlin] PHP Deprecated:  Creation of dynamic property rcmail::$imap is deprecated in C:\xampp\htdocs\roundcube\program\lib\Roundcube\rcube.php on line 329
[02-May-2025 00:55:57 Europe/Berlin] PHP Deprecated:  strlen(): Passing null to parameter #1 ($string) of type string is deprecated in C:\xampp\htdocs\roundcube\program\actions\mail\index.php on line 182
[02-May-2025 00:55:57 Europe/Berlin] PHP Deprecated:  strlen(): Passing null to parameter #1 ($string) of type string is deprecated in C:\xampp\htdocs\roundcube\program\include\rcmail_output_html.php on line 1612
[02-May-2025 00:57:00 Europe/Berlin] PHP Deprecated:  Return type of zipdownload_mbox_filter::filter($in, $out, &$consumed, $closing) should either be compatible with php_user_filter::filter($in, $out, &$consumed, bool $closing): int, or the #[\ReturnTypeWillChange] attribute should be used to temporarily suppress the notice in C:\xampp\htdocs\roundcube\plugins\zipdownload\zipdownload.php on line 405
[02-May-2025 00:57:00 +0200]: <eaom4ui6> PHP Error: php-zip extension is required for the zipdownload plugin in C:\xampp\htdocs\roundcube\plugins\zipdownload\zipdownload.php on line 36 (POST /roundcube/?_task=mail&_action=refresh)
[02-May-2025 00:57:00 Europe/Berlin] PHP Warning:  Undefined property: asistente::$rc in C:\xampp\htdocs\roundcube\plugins\asistente\asistente.php on line 23
[02-May-2025 00:57:00 Europe/Berlin] PHP Warning:  Attempt to read property "task" on null in C:\xampp\htdocs\roundcube\plugins\asistente\asistente.php on line 23
[02-May-2025 00:57:00 Europe/Berlin] PHP Deprecated:  Creation of dynamic property rcmail::$imap is deprecated in C:\xampp\htdocs\roundcube\program\lib\Roundcube\rcube.php on line 329
[02-May-2025 00:57:00 Europe/Berlin] PHP Deprecated:  strlen(): Passing null to parameter #1 ($string) of type string is deprecated in C:\xampp\htdocs\roundcube\program\actions\mail\index.php on line 182
[02-May-2025 00:58:00 Europe/Berlin] PHP Deprecated:  Return type of zipdownload_mbox_filter::filter($in, $out, &$consumed, $closing) should either be compatible with php_user_filter::filter($in, $out, &$consumed, bool $closing): int, or the #[\ReturnTypeWillChange] attribute should be used to temporarily suppress the notice in C:\xampp\htdocs\roundcube\plugins\zipdownload\zipdownload.php on line 405
[02-May-2025 00:58:00 +0200]: <eaom4ui6> PHP Error: php-zip extension is required for the zipdownload plugin in C:\xampp\htdocs\roundcube\plugins\zipdownload\zipdownload.php on line 36 (POST /roundcube/?_task=mail&_action=refresh)
[02-May-2025 00:58:00 Europe/Berlin] PHP Warning:  Undefined property: asistente::$rc in C:\xampp\htdocs\roundcube\plugins\asistente\asistente.php on line 23
[02-May-2025 00:58:00 Europe/Berlin] PHP Warning:  Attempt to read property "task" on null in C:\xampp\htdocs\roundcube\plugins\asistente\asistente.php on line 23
[02-May-2025 00:58:00 Europe/Berlin] PHP Deprecated:  Creation of dynamic property rcmail::$imap is deprecated in C:\xampp\htdocs\roundcube\program\lib\Roundcube\rcube.php on line 329
[02-May-2025 00:58:00 Europe/Berlin] PHP Deprecated:  strlen(): Passing null to parameter #1 ($string) of type string is deprecated in C:\xampp\htdocs\roundcube\program\actions\mail\index.php on line 182
[02-May-2025 00:59:00 Europe/Berlin] PHP Deprecated:  Return type of zipdownload_mbox_filter::filter($in, $out, &$consumed, $closing) should either be compatible with php_user_filter::filter($in, $out, &$consumed, bool $closing): int, or the #[\ReturnTypeWillChange] attribute should be used to temporarily suppress the notice in C:\xampp\htdocs\roundcube\plugins\zipdownload\zipdownload.php on line 405
[02-May-2025 00:59:00 +0200]: <eaom4ui6> PHP Error: php-zip extension is required for the zipdownload plugin in C:\xampp\htdocs\roundcube\plugins\zipdownload\zipdownload.php on line 36 (POST /roundcube/?_task=mail&_action=refresh)
[02-May-2025 00:59:00 Europe/Berlin] PHP Warning:  Undefined property: asistente::$rc in C:\xampp\htdocs\roundcube\plugins\asistente\asistente.php on line 23
[02-May-2025 00:59:00 Europe/Berlin] PHP Warning:  Attempt to read property "task" on null in C:\xampp\htdocs\roundcube\plugins\asistente\asistente.php on line 23
[02-May-2025 00:59:00 Europe/Berlin] PHP Deprecated:  Creation of dynamic property rcmail::$imap is deprecated in C:\xampp\htdocs\roundcube\program\lib\Roundcube\rcube.php on line 329
[02-May-2025 00:59:00 Europe/Berlin] PHP Deprecated:  strlen(): Passing null to parameter #1 ($string) of type string is deprecated in C:\xampp\htdocs\roundcube\program\actions\mail\index.php on line 182
[02-May-2025 01:00:36 Europe/Berlin] PHP Deprecated:  Return type of zipdownload_mbox_filter::filter($in, $out, &$consumed, $closing) should either be compatible with php_user_filter::filter($in, $out, &$consumed, bool $closing): int, or the #[\ReturnTypeWillChange] attribute should be used to temporarily suppress the notice in C:\xampp\htdocs\roundcube\plugins\zipdownload\zipdownload.php on line 405
[02-May-2025 01:00:36 +0200]: <eaom4ui6> PHP Error: php-zip extension is required for the zipdownload plugin in C:\xampp\htdocs\roundcube\plugins\zipdownload\zipdownload.php on line 36 (POST /roundcube/?_task=mail&_action=refresh)
[02-May-2025 01:00:36 Europe/Berlin] PHP Warning:  Undefined property: asistente::$rc in C:\xampp\htdocs\roundcube\plugins\asistente\asistente.php on line 23
[02-May-2025 01:00:36 Europe/Berlin] PHP Warning:  Attempt to read property "task" on null in C:\xampp\htdocs\roundcube\plugins\asistente\asistente.php on line 23
[02-May-2025 01:00:36 Europe/Berlin] PHP Deprecated:  Creation of dynamic property rcmail::$imap is deprecated in C:\xampp\htdocs\roundcube\program\lib\Roundcube\rcube.php on line 329
[02-May-2025 01:00:36 Europe/Berlin] PHP Deprecated:  strlen(): Passing null to parameter #1 ($string) of type string is deprecated in C:\xampp\htdocs\roundcube\program\actions\mail\index.php on line 182
[02-May-2025 01:01:00 Europe/Berlin] PHP Deprecated:  Return type of zipdownload_mbox_filter::filter($in, $out, &$consumed, $closing) should either be compatible with php_user_filter::filter($in, $out, &$consumed, bool $closing): int, or the #[\ReturnTypeWillChange] attribute should be used to temporarily suppress the notice in C:\xampp\htdocs\roundcube\plugins\zipdownload\zipdownload.php on line 405
[02-May-2025 01:01:00 +0200]: <eaom4ui6> PHP Error: php-zip extension is required for the zipdownload plugin in C:\xampp\htdocs\roundcube\plugins\zipdownload\zipdownload.php on line 36 (POST /roundcube/?_task=mail&_unlock=loading1746140460312&_framed=1&_action=send)
[02-May-2025 01:01:00 Europe/Berlin] PHP Warning:  Undefined property: asistente::$rc in C:\xampp\htdocs\roundcube\plugins\asistente\asistente.php on line 23
[02-May-2025 01:01:00 Europe/Berlin] PHP Warning:  Attempt to read property "task" on null in C:\xampp\htdocs\roundcube\plugins\asistente\asistente.php on line 23
[02-May-2025 01:01:00 Europe/Berlin] PHP Deprecated:  Creation of dynamic property rcmail::$imap is deprecated in C:\xampp\htdocs\roundcube\program\lib\Roundcube\rcube.php on line 329
[02-May-2025 01:01:00 Europe/Berlin] PHP Deprecated:  strlen(): Passing null to parameter #1 ($string) of type string is deprecated in C:\xampp\htdocs\roundcube\program\actions\mail\index.php on line 182
[02-May-2025 01:01:36 Europe/Berlin] PHP Deprecated:  Return type of zipdownload_mbox_filter::filter($in, $out, &$consumed, $closing) should either be compatible with php_user_filter::filter($in, $out, &$consumed, bool $closing): int, or the #[\ReturnTypeWillChange] attribute should be used to temporarily suppress the notice in C:\xampp\htdocs\roundcube\plugins\zipdownload\zipdownload.php on line 405
[02-May-2025 01:01:36 +0200]: <eaom4ui6> PHP Error: php-zip extension is required for the zipdownload plugin in C:\xampp\htdocs\roundcube\plugins\zipdownload\zipdownload.php on line 36 (POST /roundcube/?_task=mail&_action=refresh)
[02-May-2025 01:01:36 Europe/Berlin] PHP Warning:  Undefined property: asistente::$rc in C:\xampp\htdocs\roundcube\plugins\asistente\asistente.php on line 23
[02-May-2025 01:01:36 Europe/Berlin] PHP Warning:  Attempt to read property "task" on null in C:\xampp\htdocs\roundcube\plugins\asistente\asistente.php on line 23
[02-May-2025 01:01:36 Europe/Berlin] PHP Deprecated:  Creation of dynamic property rcmail::$imap is deprecated in C:\xampp\htdocs\roundcube\program\lib\Roundcube\rcube.php on line 329
[02-May-2025 01:01:36 Europe/Berlin] PHP Deprecated:  strlen(): Passing null to parameter #1 ($string) of type string is deprecated in C:\xampp\htdocs\roundcube\program\actions\mail\index.php on line 182
[02-May-2025 01:02:36 Europe/Berlin] PHP Deprecated:  Return type of zipdownload_mbox_filter::filter($in, $out, &$consumed, $closing) should either be compatible with php_user_filter::filter($in, $out, &$consumed, bool $closing): int, or the #[\ReturnTypeWillChange] attribute should be used to temporarily suppress the notice in C:\xampp\htdocs\roundcube\plugins\zipdownload\zipdownload.php on line 405
[02-May-2025 01:02:36 +0200]: <eaom4ui6> PHP Error: php-zip extension is required for the zipdownload plugin in C:\xampp\htdocs\roundcube\plugins\zipdownload\zipdownload.php on line 36 (POST /roundcube/?_task=mail&_action=refresh)
[02-May-2025 01:02:36 Europe/Berlin] PHP Warning:  Undefined property: asistente::$rc in C:\xampp\htdocs\roundcube\plugins\asistente\asistente.php on line 23
[02-May-2025 01:02:36 Europe/Berlin] PHP Warning:  Attempt to read property "task" on null in C:\xampp\htdocs\roundcube\plugins\asistente\asistente.php on line 23
[02-May-2025 01:02:36 Europe/Berlin] PHP Deprecated:  Creation of dynamic property rcmail::$imap is deprecated in C:\xampp\htdocs\roundcube\program\lib\Roundcube\rcube.php on line 329
[02-May-2025 01:02:36 Europe/Berlin] PHP Deprecated:  strlen(): Passing null to parameter #1 ($string) of type string is deprecated in C:\xampp\htdocs\roundcube\program\actions\mail\index.php on line 182
[02-May-2025 01:03:36 Europe/Berlin] PHP Deprecated:  Return type of zipdownload_mbox_filter::filter($in, $out, &$consumed, $closing) should either be compatible with php_user_filter::filter($in, $out, &$consumed, bool $closing): int, or the #[\ReturnTypeWillChange] attribute should be used to temporarily suppress the notice in C:\xampp\htdocs\roundcube\plugins\zipdownload\zipdownload.php on line 405
[02-May-2025 01:03:36 +0200]: <eaom4ui6> PHP Error: php-zip extension is required for the zipdownload plugin in C:\xampp\htdocs\roundcube\plugins\zipdownload\zipdownload.php on line 36 (POST /roundcube/?_task=mail&_action=refresh)
[02-May-2025 01:03:36 Europe/Berlin] PHP Warning:  Undefined property: asistente::$rc in C:\xampp\htdocs\roundcube\plugins\asistente\asistente.php on line 23
[02-May-2025 01:03:36 Europe/Berlin] PHP Warning:  Attempt to read property "task" on null in C:\xampp\htdocs\roundcube\plugins\asistente\asistente.php on line 23
[02-May-2025 01:03:36 Europe/Berlin] PHP Deprecated:  Creation of dynamic property rcmail::$imap is deprecated in C:\xampp\htdocs\roundcube\program\lib\Roundcube\rcube.php on line 329
[02-May-2025 01:03:36 Europe/Berlin] PHP Deprecated:  strlen(): Passing null to parameter #1 ($string) of type string is deprecated in C:\xampp\htdocs\roundcube\program\actions\mail\index.php on line 182
[02-May-2025 01:04:36 Europe/Berlin] PHP Deprecated:  Return type of zipdownload_mbox_filter::filter($in, $out, &$consumed, $closing) should either be compatible with php_user_filter::filter($in, $out, &$consumed, bool $closing): int, or the #[\ReturnTypeWillChange] attribute should be used to temporarily suppress the notice in C:\xampp\htdocs\roundcube\plugins\zipdownload\zipdownload.php on line 405
[02-May-2025 01:04:36 +0200]: <eaom4ui6> PHP Error: php-zip extension is required for the zipdownload plugin in C:\xampp\htdocs\roundcube\plugins\zipdownload\zipdownload.php on line 36 (POST /roundcube/?_task=mail&_action=refresh)
[02-May-2025 01:04:36 Europe/Berlin] PHP Warning:  Undefined property: asistente::$rc in C:\xampp\htdocs\roundcube\plugins\asistente\asistente.php on line 23
[02-May-2025 01:04:36 Europe/Berlin] PHP Warning:  Attempt to read property "task" on null in C:\xampp\htdocs\roundcube\plugins\asistente\asistente.php on line 23
[02-May-2025 01:04:36 Europe/Berlin] PHP Deprecated:  Creation of dynamic property rcmail::$imap is deprecated in C:\xampp\htdocs\roundcube\program\lib\Roundcube\rcube.php on line 329
[02-May-2025 01:04:36 Europe/Berlin] PHP Deprecated:  strlen(): Passing null to parameter #1 ($string) of type string is deprecated in C:\xampp\htdocs\roundcube\program\actions\mail\index.php on line 182
[02-May-2025 01:05:36 Europe/Berlin] PHP Deprecated:  Return type of zipdownload_mbox_filter::filter($in, $out, &$consumed, $closing) should either be compatible with php_user_filter::filter($in, $out, &$consumed, bool $closing): int, or the #[\ReturnTypeWillChange] attribute should be used to temporarily suppress the notice in C:\xampp\htdocs\roundcube\plugins\zipdownload\zipdownload.php on line 405
[02-May-2025 01:05:36 +0200]: <eaom4ui6> PHP Error: php-zip extension is required for the zipdownload plugin in C:\xampp\htdocs\roundcube\plugins\zipdownload\zipdownload.php on line 36 (POST /roundcube/?_task=mail&_action=refresh)
[02-May-2025 01:05:36 Europe/Berlin] PHP Warning:  Undefined property: asistente::$rc in C:\xampp\htdocs\roundcube\plugins\asistente\asistente.php on line 23
[02-May-2025 01:05:36 Europe/Berlin] PHP Warning:  Attempt to read property "task" on null in C:\xampp\htdocs\roundcube\plugins\asistente\asistente.php on line 23
[02-May-2025 01:05:36 Europe/Berlin] PHP Deprecated:  Creation of dynamic property rcmail::$imap is deprecated in C:\xampp\htdocs\roundcube\program\lib\Roundcube\rcube.php on line 329
[02-May-2025 01:05:36 Europe/Berlin] PHP Deprecated:  strlen(): Passing null to parameter #1 ($string) of type string is deprecated in C:\xampp\htdocs\roundcube\program\actions\mail\index.php on line 182
[02-May-2025 01:06:36 Europe/Berlin] PHP Deprecated:  Return type of zipdownload_mbox_filter::filter($in, $out, &$consumed, $closing) should either be compatible with php_user_filter::filter($in, $out, &$consumed, bool $closing): int, or the #[\ReturnTypeWillChange] attribute should be used to temporarily suppress the notice in C:\xampp\htdocs\roundcube\plugins\zipdownload\zipdownload.php on line 405
[02-May-2025 01:06:36 +0200]: <eaom4ui6> PHP Error: php-zip extension is required for the zipdownload plugin in C:\xampp\htdocs\roundcube\plugins\zipdownload\zipdownload.php on line 36 (POST /roundcube/?_task=mail&_action=refresh)
[02-May-2025 01:06:36 Europe/Berlin] PHP Warning:  Undefined property: asistente::$rc in C:\xampp\htdocs\roundcube\plugins\asistente\asistente.php on line 23
[02-May-2025 01:06:36 Europe/Berlin] PHP Warning:  Attempt to read property "task" on null in C:\xampp\htdocs\roundcube\plugins\asistente\asistente.php on line 23
[02-May-2025 01:06:36 Europe/Berlin] PHP Deprecated:  Creation of dynamic property rcmail::$imap is deprecated in C:\xampp\htdocs\roundcube\program\lib\Roundcube\rcube.php on line 329
[02-May-2025 01:06:36 Europe/Berlin] PHP Deprecated:  strlen(): Passing null to parameter #1 ($string) of type string is deprecated in C:\xampp\htdocs\roundcube\program\actions\mail\index.php on line 182
[02-May-2025 01:07:36 Europe/Berlin] PHP Deprecated:  Return type of zipdownload_mbox_filter::filter($in, $out, &$consumed, $closing) should either be compatible with php_user_filter::filter($in, $out, &$consumed, bool $closing): int, or the #[\ReturnTypeWillChange] attribute should be used to temporarily suppress the notice in C:\xampp\htdocs\roundcube\plugins\zipdownload\zipdownload.php on line 405
[02-May-2025 01:07:36 +0200]: <eaom4ui6> PHP Error: php-zip extension is required for the zipdownload plugin in C:\xampp\htdocs\roundcube\plugins\zipdownload\zipdownload.php on line 36 (POST /roundcube/?_task=mail&_action=refresh)
[02-May-2025 01:07:36 Europe/Berlin] PHP Deprecated:  Creation of dynamic property rcmail::$imap is deprecated in C:\xampp\htdocs\roundcube\program\lib\Roundcube\rcube.php on line 329
[02-May-2025 01:07:36 Europe/Berlin] PHP Deprecated:  strlen(): Passing null to parameter #1 ($string) of type string is deprecated in C:\xampp\htdocs\roundcube\program\actions\mail\index.php on line 182
[02-May-2025 01:08:36 Europe/Berlin] PHP Deprecated:  Return type of zipdownload_mbox_filter::filter($in, $out, &$consumed, $closing) should either be compatible with php_user_filter::filter($in, $out, &$consumed, bool $closing): int, or the #[\ReturnTypeWillChange] attribute should be used to temporarily suppress the notice in C:\xampp\htdocs\roundcube\plugins\zipdownload\zipdownload.php on line 405
[02-May-2025 01:08:36 Europe/Berlin] PHP Parse error:  syntax error, unexpected token "if", expecting "function" or "const" in C:\xampp\htdocs\roundcube\plugins\asistente\asistente.php on line 29
[02-May-2025 01:09:36 Europe/Berlin] PHP Deprecated:  Return type of zipdownload_mbox_filter::filter($in, $out, &$consumed, $closing) should either be compatible with php_user_filter::filter($in, $out, &$consumed, bool $closing): int, or the #[\ReturnTypeWillChange] attribute should be used to temporarily suppress the notice in C:\xampp\htdocs\roundcube\plugins\zipdownload\zipdownload.php on line 405
[02-May-2025 01:09:36 Europe/Berlin] PHP Parse error:  syntax error, unexpected token "if", expecting "function" or "const" in C:\xampp\htdocs\roundcube\plugins\asistente\asistente.php on line 29
[02-May-2025 01:10:36 Europe/Berlin] PHP Deprecated:  Return type of zipdownload_mbox_filter::filter($in, $out, &$consumed, $closing) should either be compatible with php_user_filter::filter($in, $out, &$consumed, bool $closing): int, or the #[\ReturnTypeWillChange] attribute should be used to temporarily suppress the notice in C:\xampp\htdocs\roundcube\plugins\zipdownload\zipdownload.php on line 405
[02-May-2025 01:10:36 Europe/Berlin] PHP Parse error:  syntax error, unexpected token "if", expecting "function" or "const" in C:\xampp\htdocs\roundcube\plugins\asistente\asistente.php on line 29
[02-May-2025 01:11:36 Europe/Berlin] PHP Deprecated:  Return type of zipdownload_mbox_filter::filter($in, $out, &$consumed, $closing) should either be compatible with php_user_filter::filter($in, $out, &$consumed, bool $closing): int, or the #[\ReturnTypeWillChange] attribute should be used to temporarily suppress the notice in C:\xampp\htdocs\roundcube\plugins\zipdownload\zipdownload.php on line 405
[02-May-2025 01:11:36 Europe/Berlin] PHP Parse error:  syntax error, unexpected token "if", expecting "function" or "const" in C:\xampp\htdocs\roundcube\plugins\asistente\asistente.php on line 29
[02-May-2025 01:12:36 Europe/Berlin] PHP Deprecated:  Return type of zipdownload_mbox_filter::filter($in, $out, &$consumed, $closing) should either be compatible with php_user_filter::filter($in, $out, &$consumed, bool $closing): int, or the #[\ReturnTypeWillChange] attribute should be used to temporarily suppress the notice in C:\xampp\htdocs\roundcube\plugins\zipdownload\zipdownload.php on line 405
[02-May-2025 01:12:36 Europe/Berlin] PHP Parse error:  syntax error, unexpected token "if", expecting "function" or "const" in C:\xampp\htdocs\roundcube\plugins\asistente\asistente.php on line 29
[02-May-2025 01:13:36 Europe/Berlin] PHP Deprecated:  Return type of zipdownload_mbox_filter::filter($in, $out, &$consumed, $closing) should either be compatible with php_user_filter::filter($in, $out, &$consumed, bool $closing): int, or the #[\ReturnTypeWillChange] attribute should be used to temporarily suppress the notice in C:\xampp\htdocs\roundcube\plugins\zipdownload\zipdownload.php on line 405
[02-May-2025 01:13:36 Europe/Berlin] PHP Parse error:  syntax error, unexpected token "if", expecting "function" or "const" in C:\xampp\htdocs\roundcube\plugins\asistente\asistente.php on line 29
[02-May-2025 01:14:36 Europe/Berlin] PHP Deprecated:  Return type of zipdownload_mbox_filter::filter($in, $out, &$consumed, $closing) should either be compatible with php_user_filter::filter($in, $out, &$consumed, bool $closing): int, or the #[\ReturnTypeWillChange] attribute should be used to temporarily suppress the notice in C:\xampp\htdocs\roundcube\plugins\zipdownload\zipdownload.php on line 405
[02-May-2025 01:14:36 Europe/Berlin] PHP Parse error:  syntax error, unexpected token "if", expecting "function" or "const" in C:\xampp\htdocs\roundcube\plugins\asistente\asistente.php on line 29
[02-May-2025 01:15:35 Europe/Berlin] PHP Deprecated:  Return type of zipdownload_mbox_filter::filter($in, $out, &$consumed, $closing) should either be compatible with php_user_filter::filter($in, $out, &$consumed, bool $closing): int, or the #[\ReturnTypeWillChange] attribute should be used to temporarily suppress the notice in C:\xampp\htdocs\roundcube\plugins\zipdownload\zipdownload.php on line 405
[02-May-2025 01:15:35 +0200]: <eaom4ui6> PHP Error: php-zip extension is required for the zipdownload plugin in C:\xampp\htdocs\roundcube\plugins\zipdownload\zipdownload.php on line 36 (POST /roundcube/?_task=mail&_action=refresh)
[02-May-2025 01:15:35 Europe/Berlin] PHP Deprecated:  Creation of dynamic property rcmail::$imap is deprecated in C:\xampp\htdocs\roundcube\program\lib\Roundcube\rcube.php on line 329
[02-May-2025 01:15:35 Europe/Berlin] PHP Deprecated:  strlen(): Passing null to parameter #1 ($string) of type string is deprecated in C:\xampp\htdocs\roundcube\program\actions\mail\index.php on line 182
[02-May-2025 01:15:39 Europe/Berlin] PHP Deprecated:  Return type of zipdownload_mbox_filter::filter($in, $out, &$consumed, $closing) should either be compatible with php_user_filter::filter($in, $out, &$consumed, bool $closing): int, or the #[\ReturnTypeWillChange] attribute should be used to temporarily suppress the notice in C:\xampp\htdocs\roundcube\plugins\zipdownload\zipdownload.php on line 405
[02-May-2025 01:15:39 +0200]: <eaom4ui6> PHP Error: php-zip extension is required for the zipdownload plugin in C:\xampp\htdocs\roundcube\plugins\zipdownload\zipdownload.php on line 36 (GET /roundcube/?_task=mail&_action=compose&_id=13308959376813fbfb31f99)
[02-May-2025 01:15:39 Europe/Berlin] PHP Deprecated:  Creation of dynamic property rcmail::$imap is deprecated in C:\xampp\htdocs\roundcube\program\lib\Roundcube\rcube.php on line 329
[02-May-2025 01:15:39 Europe/Berlin] PHP Deprecated:  strlen(): Passing null to parameter #1 ($string) of type string is deprecated in C:\xampp\htdocs\roundcube\program\actions\mail\index.php on line 182
[02-May-2025 01:15:39 Europe/Berlin] PHP Deprecated:  strlen(): Passing null to parameter #1 ($string) of type string is deprecated in C:\xampp\htdocs\roundcube\program\lib\Roundcube\rcube_message.php on line 102
[02-May-2025 01:15:39 Europe/Berlin] PHP Deprecated:  strlen(): Passing null to parameter #1 ($string) of type string is deprecated in C:\xampp\htdocs\roundcube\program\lib\Roundcube\rcube_imap.php on line 1916
[02-May-2025 01:15:41 Europe/Berlin] PHP Deprecated:  Creation of dynamic property rcube_message_header::$structure is deprecated in C:\xampp\htdocs\roundcube\program\lib\Roundcube\rcube_imap.php on line 2028
[02-May-2025 01:15:41 Europe/Berlin] PHP Deprecated:  Creation of dynamic property rcube_message::$compose is deprecated in C:\xampp\htdocs\roundcube\program\include\rcmail_sendmail.php on line 1496
[02-May-2025 01:15:41 Europe/Berlin] PHP Deprecated:  Creation of dynamic property rcube_message::$identities is deprecated in C:\xampp\htdocs\roundcube\program\include\rcmail_sendmail.php on line 1499
[02-May-2025 01:18:54 Europe/Berlin] PHP Deprecated:  Return type of zipdownload_mbox_filter::filter($in, $out, &$consumed, $closing) should either be compatible with php_user_filter::filter($in, $out, &$consumed, bool $closing): int, or the #[\ReturnTypeWillChange] attribute should be used to temporarily suppress the notice in C:\xampp\htdocs\roundcube\plugins\zipdownload\zipdownload.php on line 405
[02-May-2025 01:18:54 +0200]: <eaom4ui6> PHP Error: php-zip extension is required for the zipdownload plugin in C:\xampp\htdocs\roundcube\plugins\zipdownload\zipdownload.php on line 36 (GET /roundcube/?_task=mail&_mbox=INBOX)
[02-May-2025 01:18:54 Europe/Berlin] PHP Deprecated:  Creation of dynamic property rcmail::$imap is deprecated in C:\xampp\htdocs\roundcube\program\lib\Roundcube\rcube.php on line 329
[02-May-2025 01:18:56 Europe/Berlin] PHP Deprecated:  strpos(): Passing null to parameter #1 ($haystack) of type string is deprecated in C:\xampp\htdocs\roundcube\program\include\rcmail_action.php on line 1221
[02-May-2025 01:18:56 Europe/Berlin] PHP Deprecated:  strpos(): Passing null to parameter #1 ($haystack) of type string is deprecated in C:\xampp\htdocs\roundcube\program\include\rcmail_action.php on line 1221
[02-May-2025 01:18:56 Europe/Berlin] PHP Deprecated:  strpos(): Passing null to parameter #1 ($haystack) of type string is deprecated in C:\xampp\htdocs\roundcube\program\include\rcmail_action.php on line 1221
[02-May-2025 01:18:56 Europe/Berlin] PHP Deprecated:  Return type of zipdownload_mbox_filter::filter($in, $out, &$consumed, $closing) should either be compatible with php_user_filter::filter($in, $out, &$consumed, bool $closing): int, or the #[\ReturnTypeWillChange] attribute should be used to temporarily suppress the notice in C:\xampp\htdocs\roundcube\plugins\zipdownload\zipdownload.php on line 405
[02-May-2025 01:18:56 Europe/Berlin] PHP Deprecated:  Return type of zipdownload_mbox_filter::filter($in, $out, &$consumed, $closing) should either be compatible with php_user_filter::filter($in, $out, &$consumed, bool $closing): int, or the #[\ReturnTypeWillChange] attribute should be used to temporarily suppress the notice in C:\xampp\htdocs\roundcube\plugins\zipdownload\zipdownload.php on line 405
[02-May-2025 01:18:56 +0200]: <eaom4ui6> PHP Error: php-zip extension is required for the zipdownload plugin in C:\xampp\htdocs\roundcube\plugins\zipdownload\zipdownload.php on line 36 (GET /roundcube/?_task=mail&_action=list&_refresh=1&_layout=widescreen&_mbox=INBOX&_page=&_remote=1&_unlock=loading1746141536384&_=1746141536310)
[02-May-2025 01:18:56 +0200]: <eaom4ui6> PHP Error: php-zip extension is required for the zipdownload plugin in C:\xampp\htdocs\roundcube\plugins\zipdownload\zipdownload.php on line 36 (GET /roundcube/?_task=mail&_action=getunread&_page=1&_remote=1&_unlock=0&_=1746141536311)
[02-May-2025 01:18:56 Europe/Berlin] PHP Deprecated:  Creation of dynamic property rcmail::$imap is deprecated in C:\xampp\htdocs\roundcube\program\lib\Roundcube\rcube.php on line 329
[02-May-2025 01:18:56 Europe/Berlin] PHP Deprecated:  Creation of dynamic property rcmail::$imap is deprecated in C:\xampp\htdocs\roundcube\program\lib\Roundcube\rcube.php on line 329
[02-May-2025 01:18:56 Europe/Berlin] PHP Deprecated:  strlen(): Passing null to parameter #1 ($string) of type string is deprecated in C:\xampp\htdocs\roundcube\program\actions\mail\index.php on line 182
[02-May-2025 01:19:03 Europe/Berlin] PHP Deprecated:  Return type of zipdownload_mbox_filter::filter($in, $out, &$consumed, $closing) should either be compatible with php_user_filter::filter($in, $out, &$consumed, bool $closing): int, or the #[\ReturnTypeWillChange] attribute should be used to temporarily suppress the notice in C:\xampp\htdocs\roundcube\plugins\zipdownload\zipdownload.php on line 405
[02-May-2025 01:19:03 +0200]: <eaom4ui6> PHP Error: php-zip extension is required for the zipdownload plugin in C:\xampp\htdocs\roundcube\plugins\zipdownload\zipdownload.php on line 36 (GET /roundcube/?_task=mail&_mbox=INBOX&_action=compose)
[02-May-2025 01:19:03 Europe/Berlin] PHP Deprecated:  Creation of dynamic property rcmail::$imap is deprecated in C:\xampp\htdocs\roundcube\program\lib\Roundcube\rcube.php on line 329
[02-May-2025 01:19:05 Europe/Berlin] PHP Deprecated:  Return type of zipdownload_mbox_filter::filter($in, $out, &$consumed, $closing) should either be compatible with php_user_filter::filter($in, $out, &$consumed, bool $closing): int, or the #[\ReturnTypeWillChange] attribute should be used to temporarily suppress the notice in C:\xampp\htdocs\roundcube\plugins\zipdownload\zipdownload.php on line 405
[02-May-2025 01:19:05 +0200]: <eaom4ui6> PHP Error: php-zip extension is required for the zipdownload plugin in C:\xampp\htdocs\roundcube\plugins\zipdownload\zipdownload.php on line 36 (GET /roundcube/?_task=mail&_action=compose&_id=969590763681401674d7ca)
[02-May-2025 01:19:05 Europe/Berlin] PHP Deprecated:  Creation of dynamic property rcmail::$imap is deprecated in C:\xampp\htdocs\roundcube\program\lib\Roundcube\rcube.php on line 329
[02-May-2025 01:19:05 Europe/Berlin] PHP Deprecated:  strlen(): Passing null to parameter #1 ($string) of type string is deprecated in C:\xampp\htdocs\roundcube\program\actions\mail\index.php on line 182
[02-May-2025 01:22:55 Europe/Berlin] PHP Deprecated:  Return type of zipdownload_mbox_filter::filter($in, $out, &$consumed, $closing) should either be compatible with php_user_filter::filter($in, $out, &$consumed, bool $closing): int, or the #[\ReturnTypeWillChange] attribute should be used to temporarily suppress the notice in C:\xampp\htdocs\roundcube\plugins\zipdownload\zipdownload.php on line 405
[02-May-2025 01:22:55 +0200]: <eaom4ui6> PHP Error: php-zip extension is required for the zipdownload plugin in C:\xampp\htdocs\roundcube\plugins\zipdownload\zipdownload.php on line 36 (GET /roundcube/?_task=mail&_action=compose&_id=969590763681401674d7ca)
[02-May-2025 01:22:55 Europe/Berlin] PHP Deprecated:  Creation of dynamic property rcmail::$imap is deprecated in C:\xampp\htdocs\roundcube\program\lib\Roundcube\rcube.php on line 329
[02-May-2025 01:22:55 Europe/Berlin] PHP Deprecated:  strlen(): Passing null to parameter #1 ($string) of type string is deprecated in C:\xampp\htdocs\roundcube\program\actions\mail\index.php on line 182
[02-May-2025 01:22:57 Europe/Berlin] PHP Deprecated:  Return type of zipdownload_mbox_filter::filter($in, $out, &$consumed, $closing) should either be compatible with php_user_filter::filter($in, $out, &$consumed, bool $closing): int, or the #[\ReturnTypeWillChange] attribute should be used to temporarily suppress the notice in C:\xampp\htdocs\roundcube\plugins\zipdownload\zipdownload.php on line 405
[02-May-2025 01:22:57 +0200]: <eaom4ui6> PHP Error: php-zip extension is required for the zipdownload plugin in C:\xampp\htdocs\roundcube\plugins\zipdownload\zipdownload.php on line 36 (GET /roundcube/?_task=mail&_action=compose&_id=969590763681401674d7ca)
[02-May-2025 01:22:57 Europe/Berlin] PHP Deprecated:  Creation of dynamic property rcmail::$imap is deprecated in C:\xampp\htdocs\roundcube\program\lib\Roundcube\rcube.php on line 329
[02-May-2025 01:22:57 Europe/Berlin] PHP Deprecated:  strlen(): Passing null to parameter #1 ($string) of type string is deprecated in C:\xampp\htdocs\roundcube\program\actions\mail\index.php on line 182
[02-May-2025 01:23:01 Europe/Berlin] PHP Deprecated:  Return type of zipdownload_mbox_filter::filter($in, $out, &$consumed, $closing) should either be compatible with php_user_filter::filter($in, $out, &$consumed, bool $closing): int, or the #[\ReturnTypeWillChange] attribute should be used to temporarily suppress the notice in C:\xampp\htdocs\roundcube\plugins\zipdownload\zipdownload.php on line 405
[02-May-2025 01:23:01 +0200]: <eaom4ui6> PHP Error: php-zip extension is required for the zipdownload plugin in C:\xampp\htdocs\roundcube\plugins\zipdownload\zipdownload.php on line 36 (GET /roundcube/?_task=mail&_action=compose&_id=969590763681401674d7ca)
[02-May-2025 01:23:01 Europe/Berlin] PHP Deprecated:  Creation of dynamic property rcmail::$imap is deprecated in C:\xampp\htdocs\roundcube\program\lib\Roundcube\rcube.php on line 329
[02-May-2025 01:23:01 Europe/Berlin] PHP Deprecated:  strlen(): Passing null to parameter #1 ($string) of type string is deprecated in C:\xampp\htdocs\roundcube\program\actions\mail\index.php on line 182
[02-May-2025 01:23:02 Europe/Berlin] PHP Deprecated:  Return type of zipdownload_mbox_filter::filter($in, $out, &$consumed, $closing) should either be compatible with php_user_filter::filter($in, $out, &$consumed, bool $closing): int, or the #[\ReturnTypeWillChange] attribute should be used to temporarily suppress the notice in C:\xampp\htdocs\roundcube\plugins\zipdownload\zipdownload.php on line 405
[02-May-2025 01:23:02 +0200]: <eaom4ui6> PHP Error: php-zip extension is required for the zipdownload plugin in C:\xampp\htdocs\roundcube\plugins\zipdownload\zipdownload.php on line 36 (GET /roundcube/?_task=mail&_action=compose&_id=969590763681401674d7ca)
[02-May-2025 01:23:02 Europe/Berlin] PHP Deprecated:  Creation of dynamic property rcmail::$imap is deprecated in C:\xampp\htdocs\roundcube\program\lib\Roundcube\rcube.php on line 329
[02-May-2025 01:23:02 Europe/Berlin] PHP Deprecated:  strlen(): Passing null to parameter #1 ($string) of type string is deprecated in C:\xampp\htdocs\roundcube\program\actions\mail\index.php on line 182
[02-May-2025 01:23:32 Europe/Berlin] PHP Deprecated:  Return type of zipdownload_mbox_filter::filter($in, $out, &$consumed, $closing) should either be compatible with php_user_filter::filter($in, $out, &$consumed, bool $closing): int, or the #[\ReturnTypeWillChange] attribute should be used to temporarily suppress the notice in C:\xampp\htdocs\roundcube\plugins\zipdownload\zipdownload.php on line 405
[02-May-2025 01:23:32 +0200]: <eaom4ui6> PHP Error: php-zip extension is required for the zipdownload plugin in C:\xampp\htdocs\roundcube\plugins\zipdownload\zipdownload.php on line 36 (GET /roundcube/?_task=mail&_mbox=INBOX)
[02-May-2025 01:23:32 Europe/Berlin] PHP Deprecated:  Creation of dynamic property rcmail::$imap is deprecated in C:\xampp\htdocs\roundcube\program\lib\Roundcube\rcube.php on line 329
[02-May-2025 01:23:34 Europe/Berlin] PHP Deprecated:  strpos(): Passing null to parameter #1 ($haystack) of type string is deprecated in C:\xampp\htdocs\roundcube\program\include\rcmail_action.php on line 1221
[02-May-2025 01:23:34 Europe/Berlin] PHP Deprecated:  strpos(): Passing null to parameter #1 ($haystack) of type string is deprecated in C:\xampp\htdocs\roundcube\program\include\rcmail_action.php on line 1221
[02-May-2025 01:23:34 Europe/Berlin] PHP Deprecated:  strpos(): Passing null to parameter #1 ($haystack) of type string is deprecated in C:\xampp\htdocs\roundcube\program\include\rcmail_action.php on line 1221
[02-May-2025 01:23:34 Europe/Berlin] PHP Deprecated:  Return type of zipdownload_mbox_filter::filter($in, $out, &$consumed, $closing) should either be compatible with php_user_filter::filter($in, $out, &$consumed, bool $closing): int, or the #[\ReturnTypeWillChange] attribute should be used to temporarily suppress the notice in C:\xampp\htdocs\roundcube\plugins\zipdownload\zipdownload.php on line 405
[02-May-2025 01:23:34 Europe/Berlin] PHP Deprecated:  Return type of zipdownload_mbox_filter::filter($in, $out, &$consumed, $closing) should either be compatible with php_user_filter::filter($in, $out, &$consumed, bool $closing): int, or the #[\ReturnTypeWillChange] attribute should be used to temporarily suppress the notice in C:\xampp\htdocs\roundcube\plugins\zipdownload\zipdownload.php on line 405
[02-May-2025 01:23:34 +0200]: <eaom4ui6> PHP Error: php-zip extension is required for the zipdownload plugin in C:\xampp\htdocs\roundcube\plugins\zipdownload\zipdownload.php on line 36 (GET /roundcube/?_task=mail&_action=list&_refresh=1&_layout=widescreen&_mbox=INBOX&_page=&_remote=1&_unlock=loading1746141814892&_=1746141814819)
[02-May-2025 01:23:34 +0200]: <eaom4ui6> PHP Error: php-zip extension is required for the zipdownload plugin in C:\xampp\htdocs\roundcube\plugins\zipdownload\zipdownload.php on line 36 (GET /roundcube/?_task=mail&_action=getunread&_page=1&_remote=1&_unlock=0&_=1746141814820)
[02-May-2025 01:23:34 Europe/Berlin] PHP Deprecated:  Creation of dynamic property rcmail::$imap is deprecated in C:\xampp\htdocs\roundcube\program\lib\Roundcube\rcube.php on line 329
[02-May-2025 01:23:34 Europe/Berlin] PHP Deprecated:  Creation of dynamic property rcmail::$imap is deprecated in C:\xampp\htdocs\roundcube\program\lib\Roundcube\rcube.php on line 329
[02-May-2025 01:23:34 Europe/Berlin] PHP Deprecated:  strlen(): Passing null to parameter #1 ($string) of type string is deprecated in C:\xampp\htdocs\roundcube\program\actions\mail\index.php on line 182
[02-May-2025 01:23:37 Europe/Berlin] PHP Deprecated:  Return type of zipdownload_mbox_filter::filter($in, $out, &$consumed, $closing) should either be compatible with php_user_filter::filter($in, $out, &$consumed, bool $closing): int, or the #[\ReturnTypeWillChange] attribute should be used to temporarily suppress the notice in C:\xampp\htdocs\roundcube\plugins\zipdownload\zipdownload.php on line 405
[02-May-2025 01:23:37 +0200]: <eaom4ui6> PHP Error: php-zip extension is required for the zipdownload plugin in C:\xampp\htdocs\roundcube\plugins\zipdownload\zipdownload.php on line 36 (GET /roundcube/?_task=mail&_mbox=INBOX&_action=compose)
[02-May-2025 01:23:37 Europe/Berlin] PHP Deprecated:  Creation of dynamic property rcmail::$imap is deprecated in C:\xampp\htdocs\roundcube\program\lib\Roundcube\rcube.php on line 329
[02-May-2025 01:23:39 Europe/Berlin] PHP Deprecated:  Return type of zipdownload_mbox_filter::filter($in, $out, &$consumed, $closing) should either be compatible with php_user_filter::filter($in, $out, &$consumed, bool $closing): int, or the #[\ReturnTypeWillChange] attribute should be used to temporarily suppress the notice in C:\xampp\htdocs\roundcube\plugins\zipdownload\zipdownload.php on line 405
[02-May-2025 01:23:39 +0200]: <eaom4ui6> PHP Error: php-zip extension is required for the zipdownload plugin in C:\xampp\htdocs\roundcube\plugins\zipdownload\zipdownload.php on line 36 (GET /roundcube/?_task=mail&_action=compose&_id=388187512681402791cd49)
[02-May-2025 01:23:39 Europe/Berlin] PHP Deprecated:  Creation of dynamic property rcmail::$imap is deprecated in C:\xampp\htdocs\roundcube\program\lib\Roundcube\rcube.php on line 329
[02-May-2025 01:23:39 Europe/Berlin] PHP Deprecated:  strlen(): Passing null to parameter #1 ($string) of type string is deprecated in C:\xampp\htdocs\roundcube\program\actions\mail\index.php on line 182
[02-May-2025 01:28:40 Europe/Berlin] PHP Deprecated:  Return type of zipdownload_mbox_filter::filter($in, $out, &$consumed, $closing) should either be compatible with php_user_filter::filter($in, $out, &$consumed, bool $closing): int, or the #[\ReturnTypeWillChange] attribute should be used to temporarily suppress the notice in C:\xampp\htdocs\roundcube\plugins\zipdownload\zipdownload.php on line 405
[02-May-2025 01:28:40 +0200]: <eaom4ui6> PHP Error: php-zip extension is required for the zipdownload plugin in C:\xampp\htdocs\roundcube\plugins\zipdownload\zipdownload.php on line 36 (POST /roundcube/?_task=mail&_unlock=loading1746142120305&_framed=1&_action=send)
[02-May-2025 01:28:40 Europe/Berlin] PHP Deprecated:  Creation of dynamic property rcmail::$imap is deprecated in C:\xampp\htdocs\roundcube\program\lib\Roundcube\rcube.php on line 329
[02-May-2025 01:28:40 Europe/Berlin] PHP Deprecated:  strlen(): Passing null to parameter #1 ($string) of type string is deprecated in C:\xampp\htdocs\roundcube\program\actions\mail\index.php on line 182
[02-May-2025 01:28:40 Europe/Berlin] PHP Warning:  Trying to access array offset on value of type int in C:\xampp\htdocs\roundcube\program\include\rcmail_sendmail.php on line 319
[02-May-2025 01:28:40 Europe/Berlin] PHP Warning:  Trying to access array offset on value of type int in C:\xampp\htdocs\roundcube\program\include\rcmail_sendmail.php on line 319
[02-May-2025 01:28:40 Europe/Berlin] PHP Warning:  Trying to access array offset on value of type int in C:\xampp\htdocs\roundcube\program\include\rcmail_sendmail.php on line 319
[02-May-2025 01:28:40 Europe/Berlin] PHP Warning:  Trying to access array offset on value of type int in C:\xampp\htdocs\roundcube\program\include\rcmail_sendmail.php on line 319
[02-May-2025 01:28:40 Europe/Berlin] PHP Warning:  Undefined array key "path" in C:\xampp\htdocs\roundcube\plugins\filesystem_attachments\filesystem_attachments.php on line 151
[02-May-2025 01:28:40 Europe/Berlin] PHP Warning:  Undefined array key "name" in C:\xampp\htdocs\roundcube\program\actions\mail\send.php on line 410
[02-May-2025 01:28:40 Europe/Berlin] PHP Warning:  Undefined array key "path" in C:\xampp\htdocs\roundcube\plugins\filesystem_attachments\filesystem_attachments.php on line 151
[02-May-2025 01:28:40 Europe/Berlin] PHP Warning:  Undefined array key "name" in C:\xampp\htdocs\roundcube\program\actions\mail\send.php on line 410
[02-May-2025 01:28:40 Europe/Berlin] PHP Warning:  Undefined array key "path" in C:\xampp\htdocs\roundcube\plugins\filesystem_attachments\filesystem_attachments.php on line 151
[02-May-2025 01:28:40 Europe/Berlin] PHP Warning:  Undefined array key "name" in C:\xampp\htdocs\roundcube\program\actions\mail\send.php on line 410
[02-May-2025 01:28:40 Europe/Berlin] PHP Warning:  Undefined array key "path" in C:\xampp\htdocs\roundcube\plugins\filesystem_attachments\filesystem_attachments.php on line 151
[02-May-2025 01:28:40 Europe/Berlin] PHP Warning:  Undefined array key "name" in C:\xampp\htdocs\roundcube\program\actions\mail\send.php on line 410
[02-May-2025 01:28:59 Europe/Berlin] PHP Deprecated:  Return type of zipdownload_mbox_filter::filter($in, $out, &$consumed, $closing) should either be compatible with php_user_filter::filter($in, $out, &$consumed, bool $closing): int, or the #[\ReturnTypeWillChange] attribute should be used to temporarily suppress the notice in C:\xampp\htdocs\roundcube\plugins\zipdownload\zipdownload.php on line 405
[02-May-2025 01:28:59 +0200]: <eaom4ui6> PHP Error: php-zip extension is required for the zipdownload plugin in C:\xampp\htdocs\roundcube\plugins\zipdownload\zipdownload.php on line 36 (GET /roundcube/?_task=mail&_action=compose&_id=388187512681402791cd49)
[02-May-2025 01:28:59 Europe/Berlin] PHP Deprecated:  Creation of dynamic property rcmail::$imap is deprecated in C:\xampp\htdocs\roundcube\program\lib\Roundcube\rcube.php on line 329
[02-May-2025 01:28:59 Europe/Berlin] PHP Deprecated:  strlen(): Passing null to parameter #1 ($string) of type string is deprecated in C:\xampp\htdocs\roundcube\program\actions\mail\index.php on line 182
[02-May-2025 01:28:59 Europe/Berlin] PHP Deprecated:  strlen(): Passing null to parameter #1 ($string) of type string is deprecated in C:\xampp\htdocs\roundcube\program\lib\Roundcube\rcube_message.php on line 102
[02-May-2025 01:28:59 Europe/Berlin] PHP Deprecated:  strlen(): Passing null to parameter #1 ($string) of type string is deprecated in C:\xampp\htdocs\roundcube\program\lib\Roundcube\rcube_imap.php on line 1916
[02-May-2025 01:29:01 Europe/Berlin] PHP Deprecated:  Creation of dynamic property rcube_message_header::$structure is deprecated in C:\xampp\htdocs\roundcube\program\lib\Roundcube\rcube_imap.php on line 2028
[02-May-2025 01:29:01 Europe/Berlin] PHP Deprecated:  Creation of dynamic property rcube_message::$compose is deprecated in C:\xampp\htdocs\roundcube\program\include\rcmail_sendmail.php on line 1496
[02-May-2025 01:29:01 Europe/Berlin] PHP Deprecated:  Creation of dynamic property rcube_message::$identities is deprecated in C:\xampp\htdocs\roundcube\program\include\rcmail_sendmail.php on line 1499
[02-May-2025 01:29:01 Europe/Berlin] PHP Warning:  Trying to access array offset on value of type int in C:\xampp\htdocs\roundcube\program\actions\mail\compose.php on line 1029
[02-May-2025 01:29:01 Europe/Berlin] PHP Warning:  Trying to access array offset on value of type int in C:\xampp\htdocs\roundcube\program\actions\mail\compose.php on line 1029
[02-May-2025 01:29:01 Europe/Berlin] PHP Warning:  Trying to access array offset on value of type int in C:\xampp\htdocs\roundcube\program\actions\mail\compose.php on line 1029
[02-May-2025 01:29:01 Europe/Berlin] PHP Warning:  Trying to access array offset on value of type int in C:\xampp\htdocs\roundcube\program\actions\mail\compose.php on line 1029
[02-May-2025 01:29:01 Europe/Berlin] PHP Warning:  Trying to access array offset on value of type int in C:\xampp\htdocs\roundcube\program\actions\mail\compose.php on line 1029
[02-May-2025 01:29:01 Europe/Berlin] PHP Warning:  Trying to access array offset on value of type int in C:\xampp\htdocs\roundcube\program\actions\mail\compose.php on line 1029
[02-May-2025 01:29:01 Europe/Berlin] PHP Warning:  Trying to access array offset on value of type int in C:\xampp\htdocs\roundcube\program\actions\mail\compose.php on line 1029
[02-May-2025 01:29:01 Europe/Berlin] PHP Warning:  Trying to access array offset on value of type int in C:\xampp\htdocs\roundcube\program\actions\mail\compose.php on line 1029
[02-May-2025 01:39:26 Europe/Berlin] PHP Deprecated:  Return type of zipdownload_mbox_filter::filter($in, $out, &$consumed, $closing) should either be compatible with php_user_filter::filter($in, $out, &$consumed, bool $closing): int, or the #[\ReturnTypeWillChange] attribute should be used to temporarily suppress the notice in C:\xampp\htdocs\roundcube\plugins\zipdownload\zipdownload.php on line 405
[02-May-2025 01:39:54 Europe/Berlin] PHP Deprecated:  Return type of zipdownload_mbox_filter::filter($in, $out, &$consumed, $closing) should either be compatible with php_user_filter::filter($in, $out, &$consumed, bool $closing): int, or the #[\ReturnTypeWillChange] attribute should be used to temporarily suppress the notice in C:\xampp\htdocs\roundcube\plugins\zipdownload\zipdownload.php on line 405
[02-May-2025 01:39:54 Europe/Berlin] PHP Deprecated:  Creation of dynamic property rcmail::$imap is deprecated in C:\xampp\htdocs\roundcube\program\lib\Roundcube\rcube.php on line 329
[02-May-2025 01:39:56 Europe/Berlin] PHP Deprecated:  strlen(): Passing null to parameter #1 ($string) of type string is deprecated in C:\xampp\htdocs\roundcube\program\include\rcmail.php on line 1190
[02-May-2025 01:39:56 Europe/Berlin] PHP Deprecated:  Return type of zipdownload_mbox_filter::filter($in, $out, &$consumed, $closing) should either be compatible with php_user_filter::filter($in, $out, &$consumed, bool $closing): int, or the #[\ReturnTypeWillChange] attribute should be used to temporarily suppress the notice in C:\xampp\htdocs\roundcube\plugins\zipdownload\zipdownload.php on line 405
[02-May-2025 01:39:56 +0200]: <51mr43lm> PHP Error: php-zip extension is required for the zipdownload plugin in C:\xampp\htdocs\roundcube\plugins\zipdownload\zipdownload.php on line 36 (GET /roundcube/?_task=mail&_action=compose&_token=B1A2z0sGsoC63NRgO9bE5sI7rLSL7Z4M)
[02-May-2025 01:39:56 Europe/Berlin] PHP Deprecated:  Creation of dynamic property rcmail::$imap is deprecated in C:\xampp\htdocs\roundcube\program\lib\Roundcube\rcube.php on line 329
[02-May-2025 01:39:56 Europe/Berlin] PHP Deprecated:  strlen(): Passing null to parameter #1 ($string) of type string is deprecated in C:\xampp\htdocs\roundcube\program\actions\mail\index.php on line 182
[02-May-2025 01:39:58 Europe/Berlin] PHP Deprecated:  Return type of zipdownload_mbox_filter::filter($in, $out, &$consumed, $closing) should either be compatible with php_user_filter::filter($in, $out, &$consumed, bool $closing): int, or the #[\ReturnTypeWillChange] attribute should be used to temporarily suppress the notice in C:\xampp\htdocs\roundcube\plugins\zipdownload\zipdownload.php on line 405
[02-May-2025 01:39:58 +0200]: <51mr43lm> PHP Error: php-zip extension is required for the zipdownload plugin in C:\xampp\htdocs\roundcube\plugins\zipdownload\zipdownload.php on line 36 (GET /roundcube/?_task=mail&_action=compose&_id=14128767446814064cdab4c)
[02-May-2025 01:39:59 Europe/Berlin] PHP Deprecated:  Creation of dynamic property rcmail::$imap is deprecated in C:\xampp\htdocs\roundcube\program\lib\Roundcube\rcube.php on line 329
[02-May-2025 01:39:59 Europe/Berlin] PHP Deprecated:  strlen(): Passing null to parameter #1 ($string) of type string is deprecated in C:\xampp\htdocs\roundcube\program\actions\mail\index.php on line 182
[02-May-2025 01:40:07 Europe/Berlin] PHP Deprecated:  Return type of zipdownload_mbox_filter::filter($in, $out, &$consumed, $closing) should either be compatible with php_user_filter::filter($in, $out, &$consumed, bool $closing): int, or the #[\ReturnTypeWillChange] attribute should be used to temporarily suppress the notice in C:\xampp\htdocs\roundcube\plugins\zipdownload\zipdownload.php on line 405
[02-May-2025 01:40:07 +0200]: <51mr43lm> PHP Error: php-zip extension is required for the zipdownload plugin in C:\xampp\htdocs\roundcube\plugins\zipdownload\zipdownload.php on line 36 (GET /roundcube/?_task=mail&_action=compose&_id=14128767446814064cdab4c)
[02-May-2025 01:40:07 Europe/Berlin] PHP Deprecated:  Creation of dynamic property rcmail::$imap is deprecated in C:\xampp\htdocs\roundcube\program\lib\Roundcube\rcube.php on line 329
[02-May-2025 01:40:07 Europe/Berlin] PHP Deprecated:  strlen(): Passing null to parameter #1 ($string) of type string is deprecated in C:\xampp\htdocs\roundcube\program\actions\mail\index.php on line 182
[02-May-2025 01:45:08 Europe/Berlin] PHP Deprecated:  Return type of zipdownload_mbox_filter::filter($in, $out, &$consumed, $closing) should either be compatible with php_user_filter::filter($in, $out, &$consumed, bool $closing): int, or the #[\ReturnTypeWillChange] attribute should be used to temporarily suppress the notice in C:\xampp\htdocs\roundcube\plugins\zipdownload\zipdownload.php on line 405
[02-May-2025 01:45:08 +0200]: <51mr43lm> PHP Error: php-zip extension is required for the zipdownload plugin in C:\xampp\htdocs\roundcube\plugins\zipdownload\zipdownload.php on line 36 (POST /roundcube/?_task=mail&_unlock=loading1746143108312&_framed=1&_action=send)
[02-May-2025 01:45:08 Europe/Berlin] PHP Deprecated:  Creation of dynamic property rcmail::$imap is deprecated in C:\xampp\htdocs\roundcube\program\lib\Roundcube\rcube.php on line 329
[02-May-2025 01:45:08 Europe/Berlin] PHP Deprecated:  strlen(): Passing null to parameter #1 ($string) of type string is deprecated in C:\xampp\htdocs\roundcube\program\actions\mail\index.php on line 182
[02-May-2025 01:45:08 Europe/Berlin] PHP Warning:  Trying to access array offset on value of type int in C:\xampp\htdocs\roundcube\program\include\rcmail_sendmail.php on line 319
[02-May-2025 01:45:08 Europe/Berlin] PHP Warning:  Trying to access array offset on value of type int in C:\xampp\htdocs\roundcube\program\include\rcmail_sendmail.php on line 319
[02-May-2025 01:45:08 Europe/Berlin] PHP Warning:  Trying to access array offset on value of type int in C:\xampp\htdocs\roundcube\program\include\rcmail_sendmail.php on line 319
[02-May-2025 01:45:08 Europe/Berlin] PHP Warning:  Trying to access array offset on value of type int in C:\xampp\htdocs\roundcube\program\include\rcmail_sendmail.php on line 319
[02-May-2025 01:45:08 Europe/Berlin] PHP Warning:  Undefined array key "path" in C:\xampp\htdocs\roundcube\plugins\filesystem_attachments\filesystem_attachments.php on line 151
[02-May-2025 01:45:08 Europe/Berlin] PHP Warning:  Undefined array key "name" in C:\xampp\htdocs\roundcube\program\actions\mail\send.php on line 410
[02-May-2025 01:45:08 Europe/Berlin] PHP Warning:  Undefined array key "path" in C:\xampp\htdocs\roundcube\plugins\filesystem_attachments\filesystem_attachments.php on line 151
[02-May-2025 01:45:08 Europe/Berlin] PHP Warning:  Undefined array key "name" in C:\xampp\htdocs\roundcube\program\actions\mail\send.php on line 410
[02-May-2025 01:45:08 Europe/Berlin] PHP Warning:  Undefined array key "path" in C:\xampp\htdocs\roundcube\plugins\filesystem_attachments\filesystem_attachments.php on line 151
[02-May-2025 01:45:08 Europe/Berlin] PHP Warning:  Undefined array key "name" in C:\xampp\htdocs\roundcube\program\actions\mail\send.php on line 410
[02-May-2025 01:45:08 Europe/Berlin] PHP Warning:  Undefined array key "path" in C:\xampp\htdocs\roundcube\plugins\filesystem_attachments\filesystem_attachments.php on line 151
[02-May-2025 01:45:08 Europe/Berlin] PHP Warning:  Undefined array key "name" in C:\xampp\htdocs\roundcube\program\actions\mail\send.php on line 410
[02-May-2025 02:03:28 Europe/Berlin] PHP Deprecated:  Return type of zipdownload_mbox_filter::filter($in, $out, &$consumed, $closing) should either be compatible with php_user_filter::filter($in, $out, &$consumed, bool $closing): int, or the #[\ReturnTypeWillChange] attribute should be used to temporarily suppress the notice in C:\xampp\htdocs\roundcube\plugins\zipdownload\zipdownload.php on line 405
[02-May-2025 02:03:47 Europe/Berlin] PHP Deprecated:  Return type of zipdownload_mbox_filter::filter($in, $out, &$consumed, $closing) should either be compatible with php_user_filter::filter($in, $out, &$consumed, bool $closing): int, or the #[\ReturnTypeWillChange] attribute should be used to temporarily suppress the notice in C:\xampp\htdocs\roundcube\plugins\zipdownload\zipdownload.php on line 405
[02-May-2025 02:03:47 Europe/Berlin] PHP Deprecated:  Creation of dynamic property rcmail::$imap is deprecated in C:\xampp\htdocs\roundcube\program\lib\Roundcube\rcube.php on line 329
[02-May-2025 02:03:49 Europe/Berlin] PHP Deprecated:  strlen(): Passing null to parameter #1 ($string) of type string is deprecated in C:\xampp\htdocs\roundcube\program\include\rcmail.php on line 1190
[02-May-2025 02:03:49 Europe/Berlin] PHP Deprecated:  Return type of zipdownload_mbox_filter::filter($in, $out, &$consumed, $closing) should either be compatible with php_user_filter::filter($in, $out, &$consumed, bool $closing): int, or the #[\ReturnTypeWillChange] attribute should be used to temporarily suppress the notice in C:\xampp\htdocs\roundcube\plugins\zipdownload\zipdownload.php on line 405
[02-May-2025 02:03:49 +0200]: <ddm1ir5f> PHP Error: php-zip extension is required for the zipdownload plugin in C:\xampp\htdocs\roundcube\plugins\zipdownload\zipdownload.php on line 36 (GET /roundcube/?_task=mail&_action=compose&_token=WryAF6dvuhQXnt48ntk2EgLRZrPSGjTY)
[02-May-2025 02:03:49 Europe/Berlin] PHP Deprecated:  Creation of dynamic property rcmail::$imap is deprecated in C:\xampp\htdocs\roundcube\program\lib\Roundcube\rcube.php on line 329
[02-May-2025 02:03:49 Europe/Berlin] PHP Deprecated:  strlen(): Passing null to parameter #1 ($string) of type string is deprecated in C:\xampp\htdocs\roundcube\program\actions\mail\index.php on line 182
[02-May-2025 02:03:51 Europe/Berlin] PHP Deprecated:  Return type of zipdownload_mbox_filter::filter($in, $out, &$consumed, $closing) should either be compatible with php_user_filter::filter($in, $out, &$consumed, bool $closing): int, or the #[\ReturnTypeWillChange] attribute should be used to temporarily suppress the notice in C:\xampp\htdocs\roundcube\plugins\zipdownload\zipdownload.php on line 405
[02-May-2025 02:03:51 +0200]: <ddm1ir5f> PHP Error: php-zip extension is required for the zipdownload plugin in C:\xampp\htdocs\roundcube\plugins\zipdownload\zipdownload.php on line 36 (GET /roundcube/?_task=mail&_action=compose&_id=143877436468140be590329)
[02-May-2025 02:03:51 Europe/Berlin] PHP Deprecated:  Creation of dynamic property rcmail::$imap is deprecated in C:\xampp\htdocs\roundcube\program\lib\Roundcube\rcube.php on line 329
[02-May-2025 02:03:51 Europe/Berlin] PHP Deprecated:  strlen(): Passing null to parameter #1 ($string) of type string is deprecated in C:\xampp\htdocs\roundcube\program\actions\mail\index.php on line 182
[02-May-2025 02:05:13 Europe/Berlin] PHP Deprecated:  Return type of zipdownload_mbox_filter::filter($in, $out, &$consumed, $closing) should either be compatible with php_user_filter::filter($in, $out, &$consumed, bool $closing): int, or the #[\ReturnTypeWillChange] attribute should be used to temporarily suppress the notice in C:\xampp\htdocs\roundcube\plugins\zipdownload\zipdownload.php on line 405
[02-May-2025 02:05:13 +0200]: <ddm1ir5f> PHP Error: php-zip extension is required for the zipdownload plugin in C:\xampp\htdocs\roundcube\plugins\zipdownload\zipdownload.php on line 36 (GET /roundcube/?_task=mail&_action=compose&_id=143877436468140be590329)
[02-May-2025 02:05:13 Europe/Berlin] PHP Deprecated:  Creation of dynamic property rcmail::$imap is deprecated in C:\xampp\htdocs\roundcube\program\lib\Roundcube\rcube.php on line 329
[02-May-2025 02:05:13 Europe/Berlin] PHP Deprecated:  strlen(): Passing null to parameter #1 ($string) of type string is deprecated in C:\xampp\htdocs\roundcube\program\actions\mail\index.php on line 182
[02-May-2025 02:05:15 Europe/Berlin] PHP Deprecated:  Return type of zipdownload_mbox_filter::filter($in, $out, &$consumed, $closing) should either be compatible with php_user_filter::filter($in, $out, &$consumed, bool $closing): int, or the #[\ReturnTypeWillChange] attribute should be used to temporarily suppress the notice in C:\xampp\htdocs\roundcube\plugins\zipdownload\zipdownload.php on line 405
[02-May-2025 02:05:15 +0200]: <ddm1ir5f> PHP Error: php-zip extension is required for the zipdownload plugin in C:\xampp\htdocs\roundcube\plugins\zipdownload\zipdownload.php on line 36 (GET /roundcube/?_task=mail&_action=compose&_id=143877436468140be590329)
[02-May-2025 02:05:15 Europe/Berlin] PHP Deprecated:  Creation of dynamic property rcmail::$imap is deprecated in C:\xampp\htdocs\roundcube\program\lib\Roundcube\rcube.php on line 329
[02-May-2025 02:05:15 Europe/Berlin] PHP Deprecated:  strlen(): Passing null to parameter #1 ($string) of type string is deprecated in C:\xampp\htdocs\roundcube\program\actions\mail\index.php on line 182
[02-May-2025 02:06:43 Europe/Berlin] PHP Deprecated:  Return type of zipdownload_mbox_filter::filter($in, $out, &$consumed, $closing) should either be compatible with php_user_filter::filter($in, $out, &$consumed, bool $closing): int, or the #[\ReturnTypeWillChange] attribute should be used to temporarily suppress the notice in C:\xampp\htdocs\roundcube\plugins\zipdownload\zipdownload.php on line 405
[02-May-2025 02:06:43 +0200]: <ddm1ir5f> PHP Error: php-zip extension is required for the zipdownload plugin in C:\xampp\htdocs\roundcube\plugins\zipdownload\zipdownload.php on line 36 (GET /roundcube/?_task=mail&_action=compose&_id=143877436468140be590329)
[02-May-2025 02:06:43 Europe/Berlin] PHP Deprecated:  Creation of dynamic property rcmail::$imap is deprecated in C:\xampp\htdocs\roundcube\program\lib\Roundcube\rcube.php on line 329
[02-May-2025 02:06:43 Europe/Berlin] PHP Deprecated:  strlen(): Passing null to parameter #1 ($string) of type string is deprecated in C:\xampp\htdocs\roundcube\program\actions\mail\index.php on line 182
[02-May-2025 02:11:44 Europe/Berlin] PHP Deprecated:  Return type of zipdownload_mbox_filter::filter($in, $out, &$consumed, $closing) should either be compatible with php_user_filter::filter($in, $out, &$consumed, bool $closing): int, or the #[\ReturnTypeWillChange] attribute should be used to temporarily suppress the notice in C:\xampp\htdocs\roundcube\plugins\zipdownload\zipdownload.php on line 405
[02-May-2025 02:11:44 +0200]: <ddm1ir5f> PHP Error: php-zip extension is required for the zipdownload plugin in C:\xampp\htdocs\roundcube\plugins\zipdownload\zipdownload.php on line 36 (POST /roundcube/?_task=mail&_unlock=loading1746144704314&_framed=1&_action=send)
[02-May-2025 02:11:44 Europe/Berlin] PHP Deprecated:  Creation of dynamic property rcmail::$imap is deprecated in C:\xampp\htdocs\roundcube\program\lib\Roundcube\rcube.php on line 329
[02-May-2025 02:11:44 Europe/Berlin] PHP Deprecated:  strlen(): Passing null to parameter #1 ($string) of type string is deprecated in C:\xampp\htdocs\roundcube\program\actions\mail\index.php on line 182
[02-May-2025 02:11:44 Europe/Berlin] PHP Warning:  Trying to access array offset on value of type int in C:\xampp\htdocs\roundcube\program\include\rcmail_sendmail.php on line 319
[02-May-2025 02:11:44 Europe/Berlin] PHP Warning:  Trying to access array offset on value of type int in C:\xampp\htdocs\roundcube\program\include\rcmail_sendmail.php on line 319
[02-May-2025 02:11:44 Europe/Berlin] PHP Warning:  Trying to access array offset on value of type int in C:\xampp\htdocs\roundcube\program\include\rcmail_sendmail.php on line 319
[02-May-2025 02:11:44 Europe/Berlin] PHP Warning:  Trying to access array offset on value of type int in C:\xampp\htdocs\roundcube\program\include\rcmail_sendmail.php on line 319
[02-May-2025 02:11:44 Europe/Berlin] PHP Warning:  Undefined array key "path" in C:\xampp\htdocs\roundcube\plugins\filesystem_attachments\filesystem_attachments.php on line 151
[02-May-2025 02:11:44 Europe/Berlin] PHP Warning:  Undefined array key "name" in C:\xampp\htdocs\roundcube\program\actions\mail\send.php on line 410
[02-May-2025 02:11:44 Europe/Berlin] PHP Warning:  Undefined array key "path" in C:\xampp\htdocs\roundcube\plugins\filesystem_attachments\filesystem_attachments.php on line 151
[02-May-2025 02:11:44 Europe/Berlin] PHP Warning:  Undefined array key "name" in C:\xampp\htdocs\roundcube\program\actions\mail\send.php on line 410
[02-May-2025 02:11:44 Europe/Berlin] PHP Warning:  Undefined array key "path" in C:\xampp\htdocs\roundcube\plugins\filesystem_attachments\filesystem_attachments.php on line 151
[02-May-2025 02:11:44 Europe/Berlin] PHP Warning:  Undefined array key "name" in C:\xampp\htdocs\roundcube\program\actions\mail\send.php on line 410
[02-May-2025 02:11:44 Europe/Berlin] PHP Warning:  Undefined array key "path" in C:\xampp\htdocs\roundcube\plugins\filesystem_attachments\filesystem_attachments.php on line 151
[02-May-2025 02:11:44 Europe/Berlin] PHP Warning:  Undefined array key "name" in C:\xampp\htdocs\roundcube\program\actions\mail\send.php on line 410
[02-May-2025 02:14:20 Europe/Berlin] PHP Deprecated:  Return type of zipdownload_mbox_filter::filter($in, $out, &$consumed, $closing) should either be compatible with php_user_filter::filter($in, $out, &$consumed, bool $closing): int, or the #[\ReturnTypeWillChange] attribute should be used to temporarily suppress the notice in C:\xampp\htdocs\roundcube\plugins\zipdownload\zipdownload.php on line 405
[02-May-2025 02:14:20 +0200]: <ddm1ir5f> PHP Error: php-zip extension is required for the zipdownload plugin in C:\xampp\htdocs\roundcube\plugins\zipdownload\zipdownload.php on line 36 (GET /roundcube/?_task=mail&_action=compose&_id=143877436468140be590329)
[02-May-2025 02:14:20 Europe/Berlin] PHP Deprecated:  Creation of dynamic property rcmail::$imap is deprecated in C:\xampp\htdocs\roundcube\program\lib\Roundcube\rcube.php on line 329
[02-May-2025 02:14:20 Europe/Berlin] PHP Deprecated:  strlen(): Passing null to parameter #1 ($string) of type string is deprecated in C:\xampp\htdocs\roundcube\program\actions\mail\index.php on line 182
[02-May-2025 02:14:20 Europe/Berlin] PHP Deprecated:  strlen(): Passing null to parameter #1 ($string) of type string is deprecated in C:\xampp\htdocs\roundcube\program\lib\Roundcube\rcube_message.php on line 102
[02-May-2025 02:14:20 Europe/Berlin] PHP Deprecated:  strlen(): Passing null to parameter #1 ($string) of type string is deprecated in C:\xampp\htdocs\roundcube\program\lib\Roundcube\rcube_imap.php on line 1916
[02-May-2025 02:14:22 Europe/Berlin] PHP Deprecated:  Creation of dynamic property rcube_message_header::$structure is deprecated in C:\xampp\htdocs\roundcube\program\lib\Roundcube\rcube_imap.php on line 2028
[02-May-2025 02:14:22 Europe/Berlin] PHP Deprecated:  Creation of dynamic property rcube_message::$compose is deprecated in C:\xampp\htdocs\roundcube\program\include\rcmail_sendmail.php on line 1496
[02-May-2025 02:14:22 Europe/Berlin] PHP Deprecated:  Creation of dynamic property rcube_message::$identities is deprecated in C:\xampp\htdocs\roundcube\program\include\rcmail_sendmail.php on line 1499
[02-May-2025 02:14:22 Europe/Berlin] PHP Warning:  Trying to access array offset on value of type int in C:\xampp\htdocs\roundcube\program\actions\mail\compose.php on line 1029
[02-May-2025 02:14:22 Europe/Berlin] PHP Warning:  Trying to access array offset on value of type int in C:\xampp\htdocs\roundcube\program\actions\mail\compose.php on line 1029
[02-May-2025 02:14:22 Europe/Berlin] PHP Warning:  Trying to access array offset on value of type int in C:\xampp\htdocs\roundcube\program\actions\mail\compose.php on line 1029
[02-May-2025 02:14:22 Europe/Berlin] PHP Warning:  Trying to access array offset on value of type int in C:\xampp\htdocs\roundcube\program\actions\mail\compose.php on line 1029
[02-May-2025 02:14:23 Europe/Berlin] PHP Warning:  Trying to access array offset on value of type int in C:\xampp\htdocs\roundcube\program\actions\mail\compose.php on line 1029
[02-May-2025 02:14:23 Europe/Berlin] PHP Warning:  Trying to access array offset on value of type int in C:\xampp\htdocs\roundcube\program\actions\mail\compose.php on line 1029
[02-May-2025 02:14:23 Europe/Berlin] PHP Warning:  Trying to access array offset on value of type int in C:\xampp\htdocs\roundcube\program\actions\mail\compose.php on line 1029
[02-May-2025 02:14:23 Europe/Berlin] PHP Warning:  Trying to access array offset on value of type int in C:\xampp\htdocs\roundcube\program\actions\mail\compose.php on line 1029
[02-May-2025 02:52:17 Europe/Berlin] PHP Deprecated:  Return type of zipdownload_mbox_filter::filter($in, $out, &$consumed, $closing) should either be compatible with php_user_filter::filter($in, $out, &$consumed, bool $closing): int, or the #[\ReturnTypeWillChange] attribute should be used to temporarily suppress the notice in C:\xampp\htdocs\roundcube\plugins\zipdownload\zipdownload.php on line 405
[02-May-2025 02:52:43 Europe/Berlin] PHP Deprecated:  Return type of zipdownload_mbox_filter::filter($in, $out, &$consumed, $closing) should either be compatible with php_user_filter::filter($in, $out, &$consumed, bool $closing): int, or the #[\ReturnTypeWillChange] attribute should be used to temporarily suppress the notice in C:\xampp\htdocs\roundcube\plugins\zipdownload\zipdownload.php on line 405
[02-May-2025 02:52:43 Europe/Berlin] PHP Deprecated:  Creation of dynamic property rcmail::$imap is deprecated in C:\xampp\htdocs\roundcube\program\lib\Roundcube\rcube.php on line 329
[02-May-2025 02:52:45 Europe/Berlin] PHP Deprecated:  strlen(): Passing null to parameter #1 ($string) of type string is deprecated in C:\xampp\htdocs\roundcube\program\include\rcmail.php on line 1190
[02-May-2025 02:52:45 Europe/Berlin] PHP Deprecated:  Return type of zipdownload_mbox_filter::filter($in, $out, &$consumed, $closing) should either be compatible with php_user_filter::filter($in, $out, &$consumed, bool $closing): int, or the #[\ReturnTypeWillChange] attribute should be used to temporarily suppress the notice in C:\xampp\htdocs\roundcube\plugins\zipdownload\zipdownload.php on line 405
[02-May-2025 02:52:45 +0200]: <1pn49272> PHP Error: php-zip extension is required for the zipdownload plugin in C:\xampp\htdocs\roundcube\plugins\zipdownload\zipdownload.php on line 36 (GET /roundcube/?_task=mail&_action=compose&_token=3C8jpQ4uYBQFHOzU5C2HysqVVQIoOwGv)
[02-May-2025 02:52:45 Europe/Berlin] PHP Deprecated:  Creation of dynamic property rcmail::$imap is deprecated in C:\xampp\htdocs\roundcube\program\lib\Roundcube\rcube.php on line 329
[02-May-2025 02:52:45 Europe/Berlin] PHP Deprecated:  strlen(): Passing null to parameter #1 ($string) of type string is deprecated in C:\xampp\htdocs\roundcube\program\actions\mail\index.php on line 182
[02-May-2025 02:52:47 Europe/Berlin] PHP Deprecated:  Return type of zipdownload_mbox_filter::filter($in, $out, &$consumed, $closing) should either be compatible with php_user_filter::filter($in, $out, &$consumed, bool $closing): int, or the #[\ReturnTypeWillChange] attribute should be used to temporarily suppress the notice in C:\xampp\htdocs\roundcube\plugins\zipdownload\zipdownload.php on line 405
[02-May-2025 02:52:47 +0200]: <1pn49272> PHP Error: php-zip extension is required for the zipdownload plugin in C:\xampp\htdocs\roundcube\plugins\zipdownload\zipdownload.php on line 36 (GET /roundcube/?_task=mail&_action=compose&_id=20864848546814175db4f94)
[02-May-2025 02:52:47 Europe/Berlin] PHP Deprecated:  Creation of dynamic property rcmail::$imap is deprecated in C:\xampp\htdocs\roundcube\program\lib\Roundcube\rcube.php on line 329
[02-May-2025 02:52:47 Europe/Berlin] PHP Deprecated:  strlen(): Passing null to parameter #1 ($string) of type string is deprecated in C:\xampp\htdocs\roundcube\program\actions\mail\index.php on line 182
[02-May-2025 02:57:48 Europe/Berlin] PHP Deprecated:  Return type of zipdownload_mbox_filter::filter($in, $out, &$consumed, $closing) should either be compatible with php_user_filter::filter($in, $out, &$consumed, bool $closing): int, or the #[\ReturnTypeWillChange] attribute should be used to temporarily suppress the notice in C:\xampp\htdocs\roundcube\plugins\zipdownload\zipdownload.php on line 405
[02-May-2025 02:57:48 +0200]: <1pn49272> PHP Error: php-zip extension is required for the zipdownload plugin in C:\xampp\htdocs\roundcube\plugins\zipdownload\zipdownload.php on line 36 (POST /roundcube/?_task=mail&_unlock=loading1746147468316&_framed=1&_action=send)
[02-May-2025 02:57:48 Europe/Berlin] PHP Deprecated:  Creation of dynamic property rcmail::$imap is deprecated in C:\xampp\htdocs\roundcube\program\lib\Roundcube\rcube.php on line 329
[02-May-2025 02:57:48 Europe/Berlin] PHP Deprecated:  strlen(): Passing null to parameter #1 ($string) of type string is deprecated in C:\xampp\htdocs\roundcube\program\actions\mail\index.php on line 182
[02-May-2025 02:57:48 Europe/Berlin] PHP Warning:  Trying to access array offset on value of type int in C:\xampp\htdocs\roundcube\program\include\rcmail_sendmail.php on line 319
[02-May-2025 02:57:48 Europe/Berlin] PHP Warning:  Trying to access array offset on value of type int in C:\xampp\htdocs\roundcube\program\include\rcmail_sendmail.php on line 319
[02-May-2025 02:57:48 Europe/Berlin] PHP Warning:  Trying to access array offset on value of type int in C:\xampp\htdocs\roundcube\program\include\rcmail_sendmail.php on line 319
[02-May-2025 02:57:48 Europe/Berlin] PHP Warning:  Trying to access array offset on value of type int in C:\xampp\htdocs\roundcube\program\include\rcmail_sendmail.php on line 319
[02-May-2025 02:57:48 Europe/Berlin] PHP Warning:  Undefined array key "path" in C:\xampp\htdocs\roundcube\plugins\filesystem_attachments\filesystem_attachments.php on line 151
[02-May-2025 02:57:48 Europe/Berlin] PHP Warning:  Undefined array key "name" in C:\xampp\htdocs\roundcube\program\actions\mail\send.php on line 410
[02-May-2025 02:57:48 Europe/Berlin] PHP Warning:  Undefined array key "path" in C:\xampp\htdocs\roundcube\plugins\filesystem_attachments\filesystem_attachments.php on line 151
[02-May-2025 02:57:48 Europe/Berlin] PHP Warning:  Undefined array key "name" in C:\xampp\htdocs\roundcube\program\actions\mail\send.php on line 410
[02-May-2025 02:57:48 Europe/Berlin] PHP Warning:  Undefined array key "path" in C:\xampp\htdocs\roundcube\plugins\filesystem_attachments\filesystem_attachments.php on line 151
[02-May-2025 02:57:48 Europe/Berlin] PHP Warning:  Undefined array key "name" in C:\xampp\htdocs\roundcube\program\actions\mail\send.php on line 410
[02-May-2025 02:57:48 Europe/Berlin] PHP Warning:  Undefined array key "path" in C:\xampp\htdocs\roundcube\plugins\filesystem_attachments\filesystem_attachments.php on line 151
[02-May-2025 02:57:48 Europe/Berlin] PHP Warning:  Undefined array key "name" in C:\xampp\htdocs\roundcube\program\actions\mail\send.php on line 410
[02-May-2025 05:21:05 Europe/Berlin] PHP Deprecated:  Return type of zipdownload_mbox_filter::filter($in, $out, &$consumed, $closing) should either be compatible with php_user_filter::filter($in, $out, &$consumed, bool $closing): int, or the #[\ReturnTypeWillChange] attribute should be used to temporarily suppress the notice in C:\xampp\htdocs\roundcube\plugins\zipdownload\zipdownload.php on line 405
[02-May-2025 05:21:22 Europe/Berlin] PHP Deprecated:  Return type of zipdownload_mbox_filter::filter($in, $out, &$consumed, $closing) should either be compatible with php_user_filter::filter($in, $out, &$consumed, bool $closing): int, or the #[\ReturnTypeWillChange] attribute should be used to temporarily suppress the notice in C:\xampp\htdocs\roundcube\plugins\zipdownload\zipdownload.php on line 405
[02-May-2025 05:21:23 Europe/Berlin] PHP Deprecated:  Creation of dynamic property rcmail::$imap is deprecated in C:\xampp\htdocs\roundcube\program\lib\Roundcube\rcube.php on line 329
[02-May-2025 05:21:25 Europe/Berlin] PHP Deprecated:  strlen(): Passing null to parameter #1 ($string) of type string is deprecated in C:\xampp\htdocs\roundcube\program\include\rcmail.php on line 1190
[02-May-2025 05:21:25 Europe/Berlin] PHP Deprecated:  Return type of zipdownload_mbox_filter::filter($in, $out, &$consumed, $closing) should either be compatible with php_user_filter::filter($in, $out, &$consumed, bool $closing): int, or the #[\ReturnTypeWillChange] attribute should be used to temporarily suppress the notice in C:\xampp\htdocs\roundcube\plugins\zipdownload\zipdownload.php on line 405
[02-May-2025 05:21:25 +0200]: <51bjqodd> PHP Error: php-zip extension is required for the zipdownload plugin in C:\xampp\htdocs\roundcube\plugins\zipdownload\zipdownload.php on line 36 (GET /roundcube/?_task=mail&_action=compose&_token=ax3SyEDGM4OEAJ4sZCS0s5iyz1meAJoE)
[02-May-2025 05:21:25 Europe/Berlin] PHP Deprecated:  Creation of dynamic property rcmail::$imap is deprecated in C:\xampp\htdocs\roundcube\program\lib\Roundcube\rcube.php on line 329
[02-May-2025 05:21:25 Europe/Berlin] PHP Deprecated:  strlen(): Passing null to parameter #1 ($string) of type string is deprecated in C:\xampp\htdocs\roundcube\program\actions\mail\index.php on line 182
[02-May-2025 05:21:27 Europe/Berlin] PHP Deprecated:  Return type of zipdownload_mbox_filter::filter($in, $out, &$consumed, $closing) should either be compatible with php_user_filter::filter($in, $out, &$consumed, bool $closing): int, or the #[\ReturnTypeWillChange] attribute should be used to temporarily suppress the notice in C:\xampp\htdocs\roundcube\plugins\zipdownload\zipdownload.php on line 405
[02-May-2025 05:21:27 +0200]: <51bjqodd> PHP Error: php-zip extension is required for the zipdownload plugin in C:\xampp\htdocs\roundcube\plugins\zipdownload\zipdownload.php on line 36 (GET /roundcube/?_task=mail&_action=compose&_id=203476367668143a354b6bd)
[02-May-2025 05:21:27 Europe/Berlin] PHP Deprecated:  Creation of dynamic property rcmail::$imap is deprecated in C:\xampp\htdocs\roundcube\program\lib\Roundcube\rcube.php on line 329
[02-May-2025 05:21:27 Europe/Berlin] PHP Deprecated:  strlen(): Passing null to parameter #1 ($string) of type string is deprecated in C:\xampp\htdocs\roundcube\program\actions\mail\index.php on line 182
[02-May-2025 05:24:34 Europe/Berlin] PHP Deprecated:  Return type of zipdownload_mbox_filter::filter($in, $out, &$consumed, $closing) should either be compatible with php_user_filter::filter($in, $out, &$consumed, bool $closing): int, or the #[\ReturnTypeWillChange] attribute should be used to temporarily suppress the notice in C:\xampp\htdocs\roundcube\plugins\zipdownload\zipdownload.php on line 405
[02-May-2025 05:24:34 +0200]: <51bjqodd> PHP Error: php-zip extension is required for the zipdownload plugin in C:\xampp\htdocs\roundcube\plugins\zipdownload\zipdownload.php on line 36 (GET /roundcube/?_task=mail&_action=compose&_id=203476367668143a354b6bd)
[02-May-2025 05:24:34 Europe/Berlin] PHP Deprecated:  Creation of dynamic property rcmail::$imap is deprecated in C:\xampp\htdocs\roundcube\program\lib\Roundcube\rcube.php on line 329
[02-May-2025 05:24:34 Europe/Berlin] PHP Deprecated:  strlen(): Passing null to parameter #1 ($string) of type string is deprecated in C:\xampp\htdocs\roundcube\program\actions\mail\index.php on line 182
[02-May-2025 05:27:59 Europe/Berlin] PHP Deprecated:  Return type of zipdownload_mbox_filter::filter($in, $out, &$consumed, $closing) should either be compatible with php_user_filter::filter($in, $out, &$consumed, bool $closing): int, or the #[\ReturnTypeWillChange] attribute should be used to temporarily suppress the notice in C:\xampp\htdocs\roundcube\plugins\zipdownload\zipdownload.php on line 405
[02-May-2025 05:27:59 +0200]: <51bjqodd> PHP Error: php-zip extension is required for the zipdownload plugin in C:\xampp\htdocs\roundcube\plugins\zipdownload\zipdownload.php on line 36 (GET /roundcube/?_task=mail&_action=compose&_id=203476367668143a354b6bd)
[02-May-2025 05:28:00 Europe/Berlin] PHP Deprecated:  Creation of dynamic property rcmail::$imap is deprecated in C:\xampp\htdocs\roundcube\program\lib\Roundcube\rcube.php on line 329
[02-May-2025 05:28:00 Europe/Berlin] PHP Deprecated:  strlen(): Passing null to parameter #1 ($string) of type string is deprecated in C:\xampp\htdocs\roundcube\program\actions\mail\index.php on line 182
[02-May-2025 05:29:54 Europe/Berlin] PHP Deprecated:  Return type of zipdownload_mbox_filter::filter($in, $out, &$consumed, $closing) should either be compatible with php_user_filter::filter($in, $out, &$consumed, bool $closing): int, or the #[\ReturnTypeWillChange] attribute should be used to temporarily suppress the notice in C:\xampp\htdocs\roundcube\plugins\zipdownload\zipdownload.php on line 405
[02-May-2025 05:29:54 +0200]: <51bjqodd> PHP Error: php-zip extension is required for the zipdownload plugin in C:\xampp\htdocs\roundcube\plugins\zipdownload\zipdownload.php on line 36 (GET /roundcube/?_task=mail&_action=compose&_id=203476367668143a354b6bd)
[02-May-2025 05:29:54 Europe/Berlin] PHP Deprecated:  Creation of dynamic property rcmail::$imap is deprecated in C:\xampp\htdocs\roundcube\program\lib\Roundcube\rcube.php on line 329
[02-May-2025 05:29:54 Europe/Berlin] PHP Deprecated:  strlen(): Passing null to parameter #1 ($string) of type string is deprecated in C:\xampp\htdocs\roundcube\program\actions\mail\index.php on line 182
[02-May-2025 05:29:54 Europe/Berlin] PHP Deprecated:  strlen(): Passing null to parameter #1 ($string) of type string is deprecated in C:\xampp\htdocs\roundcube\program\include\rcmail_output_html.php on line 1612
[02-May-2025 05:30:57 Europe/Berlin] PHP Deprecated:  Return type of zipdownload_mbox_filter::filter($in, $out, &$consumed, $closing) should either be compatible with php_user_filter::filter($in, $out, &$consumed, bool $closing): int, or the #[\ReturnTypeWillChange] attribute should be used to temporarily suppress the notice in C:\xampp\htdocs\roundcube\plugins\zipdownload\zipdownload.php on line 405
[02-May-2025 05:30:57 +0200]: <51bjqodd> PHP Error: php-zip extension is required for the zipdownload plugin in C:\xampp\htdocs\roundcube\plugins\zipdownload\zipdownload.php on line 36 (POST /roundcube/?_task=mail&_action=refresh)
[02-May-2025 05:30:57 Europe/Berlin] PHP Deprecated:  Creation of dynamic property rcmail::$imap is deprecated in C:\xampp\htdocs\roundcube\program\lib\Roundcube\rcube.php on line 329
[02-May-2025 05:30:57 Europe/Berlin] PHP Deprecated:  strlen(): Passing null to parameter #1 ($string) of type string is deprecated in C:\xampp\htdocs\roundcube\program\actions\mail\index.php on line 182
[02-May-2025 05:31:39 Europe/Berlin] PHP Deprecated:  Return type of zipdownload_mbox_filter::filter($in, $out, &$consumed, $closing) should either be compatible with php_user_filter::filter($in, $out, &$consumed, bool $closing): int, or the #[\ReturnTypeWillChange] attribute should be used to temporarily suppress the notice in C:\xampp\htdocs\roundcube\plugins\zipdownload\zipdownload.php on line 405
[02-May-2025 05:31:39 +0200]: <51bjqodd> PHP Error: php-zip extension is required for the zipdownload plugin in C:\xampp\htdocs\roundcube\plugins\zipdownload\zipdownload.php on line 36 (GET /roundcube/?_task=mail&_action=compose&_id=203476367668143a354b6bd)
[02-May-2025 05:31:39 Europe/Berlin] PHP Deprecated:  Creation of dynamic property rcmail::$imap is deprecated in C:\xampp\htdocs\roundcube\program\lib\Roundcube\rcube.php on line 329
[02-May-2025 05:31:39 Europe/Berlin] PHP Deprecated:  strlen(): Passing null to parameter #1 ($string) of type string is deprecated in C:\xampp\htdocs\roundcube\program\actions\mail\index.php on line 182
[02-May-2025 05:32:44 Europe/Berlin] PHP Deprecated:  Return type of zipdownload_mbox_filter::filter($in, $out, &$consumed, $closing) should either be compatible with php_user_filter::filter($in, $out, &$consumed, bool $closing): int, or the #[\ReturnTypeWillChange] attribute should be used to temporarily suppress the notice in C:\xampp\htdocs\roundcube\plugins\zipdownload\zipdownload.php on line 405
[02-May-2025 05:32:44 Europe/Berlin] PHP Parse error:  syntax error, unexpected token "public", expecting end of file in C:\xampp\htdocs\roundcube\plugins\asistente\asistente.php on line 3
[02-May-2025 05:34:16 Europe/Berlin] PHP Deprecated:  Return type of zipdownload_mbox_filter::filter($in, $out, &$consumed, $closing) should either be compatible with php_user_filter::filter($in, $out, &$consumed, bool $closing): int, or the #[\ReturnTypeWillChange] attribute should be used to temporarily suppress the notice in C:\xampp\htdocs\roundcube\plugins\zipdownload\zipdownload.php on line 405
[02-May-2025 05:34:16 +0200]: <51bjqodd> PHP Error: php-zip extension is required for the zipdownload plugin in C:\xampp\htdocs\roundcube\plugins\zipdownload\zipdownload.php on line 36 (GET /roundcube/?_task=mail&_action=compose&_id=203476367668143a354b6bd)
[02-May-2025 05:34:16 Europe/Berlin] PHP Deprecated:  Creation of dynamic property rcmail::$imap is deprecated in C:\xampp\htdocs\roundcube\program\lib\Roundcube\rcube.php on line 329
[02-May-2025 05:34:16 Europe/Berlin] PHP Deprecated:  strlen(): Passing null to parameter #1 ($string) of type string is deprecated in C:\xampp\htdocs\roundcube\program\actions\mail\index.php on line 182
[02-May-2025 05:34:38 Europe/Berlin] PHP Deprecated:  Return type of zipdownload_mbox_filter::filter($in, $out, &$consumed, $closing) should either be compatible with php_user_filter::filter($in, $out, &$consumed, bool $closing): int, or the #[\ReturnTypeWillChange] attribute should be used to temporarily suppress the notice in C:\xampp\htdocs\roundcube\plugins\zipdownload\zipdownload.php on line 405
[02-May-2025 05:34:38 +0200]: <51bjqodd> PHP Error: php-zip extension is required for the zipdownload plugin in C:\xampp\htdocs\roundcube\plugins\zipdownload\zipdownload.php on line 36 (GET /roundcube/?_task=mail&_action=compose&_id=203476367668143a354b6bd)
[02-May-2025 05:34:38 Europe/Berlin] PHP Deprecated:  Creation of dynamic property rcmail::$imap is deprecated in C:\xampp\htdocs\roundcube\program\lib\Roundcube\rcube.php on line 329
[02-May-2025 05:34:38 Europe/Berlin] PHP Deprecated:  strlen(): Passing null to parameter #1 ($string) of type string is deprecated in C:\xampp\htdocs\roundcube\program\actions\mail\index.php on line 182
[02-May-2025 05:39:39 Europe/Berlin] PHP Deprecated:  Return type of zipdownload_mbox_filter::filter($in, $out, &$consumed, $closing) should either be compatible with php_user_filter::filter($in, $out, &$consumed, bool $closing): int, or the #[\ReturnTypeWillChange] attribute should be used to temporarily suppress the notice in C:\xampp\htdocs\roundcube\plugins\zipdownload\zipdownload.php on line 405
[02-May-2025 05:39:39 +0200]: <51bjqodd> PHP Error: php-zip extension is required for the zipdownload plugin in C:\xampp\htdocs\roundcube\plugins\zipdownload\zipdownload.php on line 36 (POST /roundcube/?_task=mail&_unlock=loading1746157179304&_framed=1&_action=send)
[02-May-2025 05:39:39 Europe/Berlin] PHP Deprecated:  Creation of dynamic property rcmail::$imap is deprecated in C:\xampp\htdocs\roundcube\program\lib\Roundcube\rcube.php on line 329
[02-May-2025 05:39:39 Europe/Berlin] PHP Deprecated:  strlen(): Passing null to parameter #1 ($string) of type string is deprecated in C:\xampp\htdocs\roundcube\program\actions\mail\index.php on line 182
[02-May-2025 05:39:39 Europe/Berlin] PHP Warning:  Trying to access array offset on value of type int in C:\xampp\htdocs\roundcube\program\include\rcmail_sendmail.php on line 319
[02-May-2025 05:39:39 Europe/Berlin] PHP Warning:  Trying to access array offset on value of type int in C:\xampp\htdocs\roundcube\program\include\rcmail_sendmail.php on line 319
[02-May-2025 05:39:39 Europe/Berlin] PHP Warning:  Trying to access array offset on value of type int in C:\xampp\htdocs\roundcube\program\include\rcmail_sendmail.php on line 319
[02-May-2025 05:39:39 Europe/Berlin] PHP Warning:  Trying to access array offset on value of type int in C:\xampp\htdocs\roundcube\program\include\rcmail_sendmail.php on line 319
[02-May-2025 05:39:39 Europe/Berlin] PHP Warning:  Undefined array key "path" in C:\xampp\htdocs\roundcube\plugins\filesystem_attachments\filesystem_attachments.php on line 151
[02-May-2025 05:39:39 Europe/Berlin] PHP Warning:  Undefined array key "name" in C:\xampp\htdocs\roundcube\program\actions\mail\send.php on line 410
[02-May-2025 05:39:39 Europe/Berlin] PHP Warning:  Undefined array key "path" in C:\xampp\htdocs\roundcube\plugins\filesystem_attachments\filesystem_attachments.php on line 151
[02-May-2025 05:39:39 Europe/Berlin] PHP Warning:  Undefined array key "name" in C:\xampp\htdocs\roundcube\program\actions\mail\send.php on line 410
[02-May-2025 05:39:39 Europe/Berlin] PHP Warning:  Undefined array key "path" in C:\xampp\htdocs\roundcube\plugins\filesystem_attachments\filesystem_attachments.php on line 151
[02-May-2025 05:39:39 Europe/Berlin] PHP Warning:  Undefined array key "name" in C:\xampp\htdocs\roundcube\program\actions\mail\send.php on line 410
[02-May-2025 05:39:39 Europe/Berlin] PHP Warning:  Undefined array key "path" in C:\xampp\htdocs\roundcube\plugins\filesystem_attachments\filesystem_attachments.php on line 151
[02-May-2025 05:39:39 Europe/Berlin] PHP Warning:  Undefined array key "name" in C:\xampp\htdocs\roundcube\program\actions\mail\send.php on line 410
[02-May-2025 05:40:29 Europe/Berlin] PHP Deprecated:  Return type of zipdownload_mbox_filter::filter($in, $out, &$consumed, $closing) should either be compatible with php_user_filter::filter($in, $out, &$consumed, bool $closing): int, or the #[\ReturnTypeWillChange] attribute should be used to temporarily suppress the notice in C:\xampp\htdocs\roundcube\plugins\zipdownload\zipdownload.php on line 405
[02-May-2025 05:40:29 +0200]: <51bjqodd> PHP Error: php-zip extension is required for the zipdownload plugin in C:\xampp\htdocs\roundcube\plugins\zipdownload\zipdownload.php on line 36 (GET /roundcube/?_task=mail&_action=compose&_id=203476367668143a354b6bd)
[02-May-2025 05:40:29 Europe/Berlin] PHP Deprecated:  Creation of dynamic property rcmail::$imap is deprecated in C:\xampp\htdocs\roundcube\program\lib\Roundcube\rcube.php on line 329
[02-May-2025 05:40:29 Europe/Berlin] PHP Deprecated:  strlen(): Passing null to parameter #1 ($string) of type string is deprecated in C:\xampp\htdocs\roundcube\program\actions\mail\index.php on line 182
[02-May-2025 05:40:29 Europe/Berlin] PHP Deprecated:  strlen(): Passing null to parameter #1 ($string) of type string is deprecated in C:\xampp\htdocs\roundcube\program\lib\Roundcube\rcube_message.php on line 102
[02-May-2025 05:40:29 Europe/Berlin] PHP Deprecated:  strlen(): Passing null to parameter #1 ($string) of type string is deprecated in C:\xampp\htdocs\roundcube\program\lib\Roundcube\rcube_imap.php on line 1916
[02-May-2025 05:40:31 Europe/Berlin] PHP Deprecated:  Creation of dynamic property rcube_message_header::$structure is deprecated in C:\xampp\htdocs\roundcube\program\lib\Roundcube\rcube_imap.php on line 2028
[02-May-2025 05:40:31 Europe/Berlin] PHP Deprecated:  Creation of dynamic property rcube_message::$compose is deprecated in C:\xampp\htdocs\roundcube\program\include\rcmail_sendmail.php on line 1496
[02-May-2025 05:40:31 Europe/Berlin] PHP Deprecated:  Creation of dynamic property rcube_message::$identities is deprecated in C:\xampp\htdocs\roundcube\program\include\rcmail_sendmail.php on line 1499
[02-May-2025 05:40:31 Europe/Berlin] PHP Warning:  Trying to access array offset on value of type int in C:\xampp\htdocs\roundcube\program\actions\mail\compose.php on line 1029
[02-May-2025 05:40:31 Europe/Berlin] PHP Warning:  Trying to access array offset on value of type int in C:\xampp\htdocs\roundcube\program\actions\mail\compose.php on line 1029
[02-May-2025 05:40:31 Europe/Berlin] PHP Warning:  Trying to access array offset on value of type int in C:\xampp\htdocs\roundcube\program\actions\mail\compose.php on line 1029
[02-May-2025 05:40:31 Europe/Berlin] PHP Warning:  Trying to access array offset on value of type int in C:\xampp\htdocs\roundcube\program\actions\mail\compose.php on line 1029
[02-May-2025 05:40:31 Europe/Berlin] PHP Warning:  Trying to access array offset on value of type int in C:\xampp\htdocs\roundcube\program\actions\mail\compose.php on line 1029
[02-May-2025 05:40:31 Europe/Berlin] PHP Warning:  Trying to access array offset on value of type int in C:\xampp\htdocs\roundcube\program\actions\mail\compose.php on line 1029
[02-May-2025 05:40:31 Europe/Berlin] PHP Warning:  Trying to access array offset on value of type int in C:\xampp\htdocs\roundcube\program\actions\mail\compose.php on line 1029
[02-May-2025 05:40:31 Europe/Berlin] PHP Warning:  Trying to access array offset on value of type int in C:\xampp\htdocs\roundcube\program\actions\mail\compose.php on line 1029
[02-May-2025 05:48:19 Europe/Berlin] PHP Deprecated:  Return type of zipdownload_mbox_filter::filter($in, $out, &$consumed, $closing) should either be compatible with php_user_filter::filter($in, $out, &$consumed, bool $closing): int, or the #[\ReturnTypeWillChange] attribute should be used to temporarily suppress the notice in C:\xampp\htdocs\roundcube\plugins\zipdownload\zipdownload.php on line 405
[02-May-2025 05:48:20 +0200]: <51bjqodd> PHP Error: php-zip extension is required for the zipdownload plugin in C:\xampp\htdocs\roundcube\plugins\zipdownload\zipdownload.php on line 36 (GET /roundcube/?_task=mail&_action=compose&_id=203476367668143a354b6bd)
[02-May-2025 05:48:20 Europe/Berlin] PHP Deprecated:  Creation of dynamic property rcmail::$imap is deprecated in C:\xampp\htdocs\roundcube\program\lib\Roundcube\rcube.php on line 329
[02-May-2025 05:48:20 Europe/Berlin] PHP Deprecated:  strlen(): Passing null to parameter #1 ($string) of type string is deprecated in C:\xampp\htdocs\roundcube\program\actions\mail\index.php on line 182
[02-May-2025 05:48:20 Europe/Berlin] PHP Deprecated:  strlen(): Passing null to parameter #1 ($string) of type string is deprecated in C:\xampp\htdocs\roundcube\program\lib\Roundcube\rcube_message.php on line 102
[02-May-2025 05:48:20 Europe/Berlin] PHP Deprecated:  strlen(): Passing null to parameter #1 ($string) of type string is deprecated in C:\xampp\htdocs\roundcube\program\lib\Roundcube\rcube_imap.php on line 1916
[02-May-2025 05:48:22 Europe/Berlin] PHP Deprecated:  Creation of dynamic property rcube_message_header::$structure is deprecated in C:\xampp\htdocs\roundcube\program\lib\Roundcube\rcube_imap.php on line 2028
[02-May-2025 05:48:22 Europe/Berlin] PHP Deprecated:  Creation of dynamic property rcube_message::$compose is deprecated in C:\xampp\htdocs\roundcube\program\include\rcmail_sendmail.php on line 1496
[02-May-2025 05:48:22 Europe/Berlin] PHP Deprecated:  Creation of dynamic property rcube_message::$identities is deprecated in C:\xampp\htdocs\roundcube\program\include\rcmail_sendmail.php on line 1499
[02-May-2025 05:51:21 Europe/Berlin] PHP Deprecated:  Return type of zipdownload_mbox_filter::filter($in, $out, &$consumed, $closing) should either be compatible with php_user_filter::filter($in, $out, &$consumed, bool $closing): int, or the #[\ReturnTypeWillChange] attribute should be used to temporarily suppress the notice in C:\xampp\htdocs\roundcube\plugins\zipdownload\zipdownload.php on line 405
[02-May-2025 05:51:21 +0200]: <51bjqodd> PHP Error: php-zip extension is required for the zipdownload plugin in C:\xampp\htdocs\roundcube\plugins\zipdownload\zipdownload.php on line 36 (GET /roundcube/?_task=mail&_action=compose&_id=203476367668143a354b6bd)
[02-May-2025 05:51:21 Europe/Berlin] PHP Deprecated:  Creation of dynamic property rcmail::$imap is deprecated in C:\xampp\htdocs\roundcube\program\lib\Roundcube\rcube.php on line 329
[02-May-2025 05:51:21 Europe/Berlin] PHP Deprecated:  strlen(): Passing null to parameter #1 ($string) of type string is deprecated in C:\xampp\htdocs\roundcube\program\actions\mail\index.php on line 182
[02-May-2025 05:51:21 Europe/Berlin] PHP Deprecated:  strlen(): Passing null to parameter #1 ($string) of type string is deprecated in C:\xampp\htdocs\roundcube\program\lib\Roundcube\rcube_message.php on line 102
[02-May-2025 05:51:21 Europe/Berlin] PHP Deprecated:  strlen(): Passing null to parameter #1 ($string) of type string is deprecated in C:\xampp\htdocs\roundcube\program\lib\Roundcube\rcube_imap.php on line 1916
[02-May-2025 05:51:23 Europe/Berlin] PHP Deprecated:  Creation of dynamic property rcube_message_header::$structure is deprecated in C:\xampp\htdocs\roundcube\program\lib\Roundcube\rcube_imap.php on line 2028
[02-May-2025 05:51:23 Europe/Berlin] PHP Deprecated:  Creation of dynamic property rcube_message::$compose is deprecated in C:\xampp\htdocs\roundcube\program\include\rcmail_sendmail.php on line 1496
[02-May-2025 05:51:23 Europe/Berlin] PHP Deprecated:  Creation of dynamic property rcube_message::$identities is deprecated in C:\xampp\htdocs\roundcube\program\include\rcmail_sendmail.php on line 1499
[02-May-2025 05:51:26 Europe/Berlin] PHP Deprecated:  Return type of zipdownload_mbox_filter::filter($in, $out, &$consumed, $closing) should either be compatible with php_user_filter::filter($in, $out, &$consumed, bool $closing): int, or the #[\ReturnTypeWillChange] attribute should be used to temporarily suppress the notice in C:\xampp\htdocs\roundcube\plugins\zipdownload\zipdownload.php on line 405
[02-May-2025 05:51:26 +0200]: <51bjqodd> PHP Error: php-zip extension is required for the zipdownload plugin in C:\xampp\htdocs\roundcube\plugins\zipdownload\zipdownload.php on line 36 (GET /roundcube/?_task=mail&_action=compose&_id=203476367668143a354b6bd)
[02-May-2025 05:51:26 Europe/Berlin] PHP Deprecated:  Creation of dynamic property rcmail::$imap is deprecated in C:\xampp\htdocs\roundcube\program\lib\Roundcube\rcube.php on line 329
[02-May-2025 05:51:26 Europe/Berlin] PHP Deprecated:  strlen(): Passing null to parameter #1 ($string) of type string is deprecated in C:\xampp\htdocs\roundcube\program\actions\mail\index.php on line 182
[02-May-2025 05:51:26 Europe/Berlin] PHP Deprecated:  strlen(): Passing null to parameter #1 ($string) of type string is deprecated in C:\xampp\htdocs\roundcube\program\lib\Roundcube\rcube_message.php on line 102
[02-May-2025 05:51:26 Europe/Berlin] PHP Deprecated:  strlen(): Passing null to parameter #1 ($string) of type string is deprecated in C:\xampp\htdocs\roundcube\program\lib\Roundcube\rcube_imap.php on line 1916
[02-May-2025 05:51:28 Europe/Berlin] PHP Deprecated:  Creation of dynamic property rcube_message_header::$structure is deprecated in C:\xampp\htdocs\roundcube\program\lib\Roundcube\rcube_imap.php on line 2028
[02-May-2025 05:51:28 Europe/Berlin] PHP Deprecated:  Creation of dynamic property rcube_message::$compose is deprecated in C:\xampp\htdocs\roundcube\program\include\rcmail_sendmail.php on line 1496
[02-May-2025 05:51:28 Europe/Berlin] PHP Deprecated:  Creation of dynamic property rcube_message::$identities is deprecated in C:\xampp\htdocs\roundcube\program\include\rcmail_sendmail.php on line 1499
[02-May-2025 05:55:36 Europe/Berlin] PHP Deprecated:  Return type of zipdownload_mbox_filter::filter($in, $out, &$consumed, $closing) should either be compatible with php_user_filter::filter($in, $out, &$consumed, bool $closing): int, or the #[\ReturnTypeWillChange] attribute should be used to temporarily suppress the notice in C:\xampp\htdocs\roundcube\plugins\zipdownload\zipdownload.php on line 405
[02-May-2025 05:55:36 Europe/Berlin] PHP Parse error:  Unmatched '}' in C:\xampp\htdocs\roundcube\plugins\asistente\asistente.php on line 23
[02-May-2025 05:59:39 Europe/Berlin] PHP Deprecated:  Return type of zipdownload_mbox_filter::filter($in, $out, &$consumed, $closing) should either be compatible with php_user_filter::filter($in, $out, &$consumed, bool $closing): int, or the #[\ReturnTypeWillChange] attribute should be used to temporarily suppress the notice in C:\xampp\htdocs\roundcube\plugins\zipdownload\zipdownload.php on line 405
[02-May-2025 06:06:50 Europe/Berlin] PHP Deprecated:  Return type of zipdownload_mbox_filter::filter($in, $out, &$consumed, $closing) should either be compatible with php_user_filter::filter($in, $out, &$consumed, bool $closing): int, or the #[\ReturnTypeWillChange] attribute should be used to temporarily suppress the notice in C:\xampp\htdocs\roundcube\plugins\zipdownload\zipdownload.php on line 405
[02-May-2025 06:06:50 Europe/Berlin] PHP Deprecated:  Creation of dynamic property rcmail::$imap is deprecated in C:\xampp\htdocs\roundcube\program\lib\Roundcube\rcube.php on line 329
[02-May-2025 06:06:52 Europe/Berlin] PHP Deprecated:  strlen(): Passing null to parameter #1 ($string) of type string is deprecated in C:\xampp\htdocs\roundcube\program\include\rcmail.php on line 1190
[02-May-2025 06:06:52 Europe/Berlin] PHP Deprecated:  Return type of zipdownload_mbox_filter::filter($in, $out, &$consumed, $closing) should either be compatible with php_user_filter::filter($in, $out, &$consumed, bool $closing): int, or the #[\ReturnTypeWillChange] attribute should be used to temporarily suppress the notice in C:\xampp\htdocs\roundcube\plugins\zipdownload\zipdownload.php on line 405
[02-May-2025 06:06:53 +0200]: <9p8o01iu> PHP Error: php-zip extension is required for the zipdownload plugin in C:\xampp\htdocs\roundcube\plugins\zipdownload\zipdownload.php on line 36 (GET /roundcube/?_task=mail&_action=compose&_token=CgBra555I9Uetrcnc60dCkfDczGKpCCQ)
[02-May-2025 06:06:53 Europe/Berlin] PHP Deprecated:  Creation of dynamic property rcmail::$imap is deprecated in C:\xampp\htdocs\roundcube\program\lib\Roundcube\rcube.php on line 329
[02-May-2025 06:06:53 Europe/Berlin] PHP Deprecated:  strlen(): Passing null to parameter #1 ($string) of type string is deprecated in C:\xampp\htdocs\roundcube\program\actions\mail\index.php on line 182
[02-May-2025 06:06:55 Europe/Berlin] PHP Deprecated:  Return type of zipdownload_mbox_filter::filter($in, $out, &$consumed, $closing) should either be compatible with php_user_filter::filter($in, $out, &$consumed, bool $closing): int, or the #[\ReturnTypeWillChange] attribute should be used to temporarily suppress the notice in C:\xampp\htdocs\roundcube\plugins\zipdownload\zipdownload.php on line 405
[02-May-2025 06:06:55 +0200]: <9p8o01iu> PHP Error: php-zip extension is required for the zipdownload plugin in C:\xampp\htdocs\roundcube\plugins\zipdownload\zipdownload.php on line 36 (GET /roundcube/?_task=mail&_action=compose&_id=1780265019681444dd0758c)
[02-May-2025 06:06:55 Europe/Berlin] PHP Deprecated:  Creation of dynamic property rcmail::$imap is deprecated in C:\xampp\htdocs\roundcube\program\lib\Roundcube\rcube.php on line 329
[02-May-2025 06:06:55 Europe/Berlin] PHP Deprecated:  strlen(): Passing null to parameter #1 ($string) of type string is deprecated in C:\xampp\htdocs\roundcube\program\actions\mail\index.php on line 182
[02-May-2025 06:11:56 Europe/Berlin] PHP Deprecated:  Return type of zipdownload_mbox_filter::filter($in, $out, &$consumed, $closing) should either be compatible with php_user_filter::filter($in, $out, &$consumed, bool $closing): int, or the #[\ReturnTypeWillChange] attribute should be used to temporarily suppress the notice in C:\xampp\htdocs\roundcube\plugins\zipdownload\zipdownload.php on line 405
[02-May-2025 06:11:56 +0200]: <9p8o01iu> PHP Error: php-zip extension is required for the zipdownload plugin in C:\xampp\htdocs\roundcube\plugins\zipdownload\zipdownload.php on line 36 (POST /roundcube/?_task=mail&_unlock=loading1746159116307&_framed=1&_action=send)
[02-May-2025 06:11:56 Europe/Berlin] PHP Deprecated:  Creation of dynamic property rcmail::$imap is deprecated in C:\xampp\htdocs\roundcube\program\lib\Roundcube\rcube.php on line 329
[02-May-2025 06:11:56 Europe/Berlin] PHP Deprecated:  strlen(): Passing null to parameter #1 ($string) of type string is deprecated in C:\xampp\htdocs\roundcube\program\actions\mail\index.php on line 182
[02-May-2025 06:11:56 Europe/Berlin] PHP Warning:  Trying to access array offset on value of type int in C:\xampp\htdocs\roundcube\program\include\rcmail_sendmail.php on line 319
[02-May-2025 06:11:56 Europe/Berlin] PHP Warning:  Trying to access array offset on value of type int in C:\xampp\htdocs\roundcube\program\include\rcmail_sendmail.php on line 319
[02-May-2025 06:11:56 Europe/Berlin] PHP Warning:  Trying to access array offset on value of type int in C:\xampp\htdocs\roundcube\program\include\rcmail_sendmail.php on line 319
[02-May-2025 06:11:56 Europe/Berlin] PHP Warning:  Trying to access array offset on value of type int in C:\xampp\htdocs\roundcube\program\include\rcmail_sendmail.php on line 319
[02-May-2025 06:11:56 Europe/Berlin] PHP Warning:  Undefined array key "path" in C:\xampp\htdocs\roundcube\plugins\filesystem_attachments\filesystem_attachments.php on line 151
[02-May-2025 06:11:56 Europe/Berlin] PHP Warning:  Undefined array key "name" in C:\xampp\htdocs\roundcube\program\actions\mail\send.php on line 410
[02-May-2025 06:11:56 Europe/Berlin] PHP Warning:  Undefined array key "path" in C:\xampp\htdocs\roundcube\plugins\filesystem_attachments\filesystem_attachments.php on line 151
[02-May-2025 06:11:56 Europe/Berlin] PHP Warning:  Undefined array key "name" in C:\xampp\htdocs\roundcube\program\actions\mail\send.php on line 410
[02-May-2025 06:11:56 Europe/Berlin] PHP Warning:  Undefined array key "path" in C:\xampp\htdocs\roundcube\plugins\filesystem_attachments\filesystem_attachments.php on line 151
[02-May-2025 06:11:56 Europe/Berlin] PHP Warning:  Undefined array key "name" in C:\xampp\htdocs\roundcube\program\actions\mail\send.php on line 410
[02-May-2025 06:11:56 Europe/Berlin] PHP Warning:  Undefined array key "path" in C:\xampp\htdocs\roundcube\plugins\filesystem_attachments\filesystem_attachments.php on line 151
[02-May-2025 06:11:56 Europe/Berlin] PHP Warning:  Undefined array key "name" in C:\xampp\htdocs\roundcube\program\actions\mail\send.php on line 410
[02-May-2025 06:14:11 Europe/Berlin] PHP Deprecated:  Return type of zipdownload_mbox_filter::filter($in, $out, &$consumed, $closing) should either be compatible with php_user_filter::filter($in, $out, &$consumed, bool $closing): int, or the #[\ReturnTypeWillChange] attribute should be used to temporarily suppress the notice in C:\xampp\htdocs\roundcube\plugins\zipdownload\zipdownload.php on line 405
[02-May-2025 06:14:11 +0200]: <9p8o01iu> PHP Error: php-zip extension is required for the zipdownload plugin in C:\xampp\htdocs\roundcube\plugins\zipdownload\zipdownload.php on line 36 (GET /roundcube/?_task=mail&_action=compose&_id=1780265019681444dd0758c)
[02-May-2025 06:14:11 Europe/Berlin] PHP Deprecated:  Creation of dynamic property rcmail::$imap is deprecated in C:\xampp\htdocs\roundcube\program\lib\Roundcube\rcube.php on line 329
[02-May-2025 06:14:11 Europe/Berlin] PHP Deprecated:  strlen(): Passing null to parameter #1 ($string) of type string is deprecated in C:\xampp\htdocs\roundcube\program\actions\mail\index.php on line 182
[02-May-2025 06:14:11 Europe/Berlin] PHP Deprecated:  strlen(): Passing null to parameter #1 ($string) of type string is deprecated in C:\xampp\htdocs\roundcube\program\lib\Roundcube\rcube_message.php on line 102
[02-May-2025 06:14:11 Europe/Berlin] PHP Deprecated:  strlen(): Passing null to parameter #1 ($string) of type string is deprecated in C:\xampp\htdocs\roundcube\program\lib\Roundcube\rcube_imap.php on line 1916
[02-May-2025 06:14:13 Europe/Berlin] PHP Deprecated:  Creation of dynamic property rcube_message_header::$structure is deprecated in C:\xampp\htdocs\roundcube\program\lib\Roundcube\rcube_imap.php on line 2028
[02-May-2025 06:14:13 Europe/Berlin] PHP Deprecated:  Creation of dynamic property rcube_message::$compose is deprecated in C:\xampp\htdocs\roundcube\program\include\rcmail_sendmail.php on line 1496
[02-May-2025 06:14:13 Europe/Berlin] PHP Deprecated:  Creation of dynamic property rcube_message::$identities is deprecated in C:\xampp\htdocs\roundcube\program\include\rcmail_sendmail.php on line 1499
[02-May-2025 06:14:13 Europe/Berlin] PHP Warning:  Trying to access array offset on value of type int in C:\xampp\htdocs\roundcube\program\actions\mail\compose.php on line 1029
[02-May-2025 06:14:13 Europe/Berlin] PHP Warning:  Trying to access array offset on value of type int in C:\xampp\htdocs\roundcube\program\actions\mail\compose.php on line 1029
[02-May-2025 06:14:13 Europe/Berlin] PHP Warning:  Trying to access array offset on value of type int in C:\xampp\htdocs\roundcube\program\actions\mail\compose.php on line 1029
[02-May-2025 06:14:13 Europe/Berlin] PHP Warning:  Trying to access array offset on value of type int in C:\xampp\htdocs\roundcube\program\actions\mail\compose.php on line 1029
[02-May-2025 06:14:13 Europe/Berlin] PHP Warning:  Trying to access array offset on value of type int in C:\xampp\htdocs\roundcube\program\actions\mail\compose.php on line 1029
[02-May-2025 06:14:13 Europe/Berlin] PHP Warning:  Trying to access array offset on value of type int in C:\xampp\htdocs\roundcube\program\actions\mail\compose.php on line 1029
[02-May-2025 06:14:13 Europe/Berlin] PHP Warning:  Trying to access array offset on value of type int in C:\xampp\htdocs\roundcube\program\actions\mail\compose.php on line 1029
[02-May-2025 06:14:13 Europe/Berlin] PHP Warning:  Trying to access array offset on value of type int in C:\xampp\htdocs\roundcube\program\actions\mail\compose.php on line 1029
[02-May-2025 06:19:10 Europe/Berlin] PHP Deprecated:  Return type of zipdownload_mbox_filter::filter($in, $out, &$consumed, $closing) should either be compatible with php_user_filter::filter($in, $out, &$consumed, bool $closing): int, or the #[\ReturnTypeWillChange] attribute should be used to temporarily suppress the notice in C:\xampp\htdocs\roundcube\plugins\zipdownload\zipdownload.php on line 405
[02-May-2025 06:19:10 +0200]: <9p8o01iu> PHP Error: php-zip extension is required for the zipdownload plugin in C:\xampp\htdocs\roundcube\plugins\zipdownload\zipdownload.php on line 36 (GET /roundcube/?_task=mail&_action=compose&_id=1780265019681444dd0758c)
[02-May-2025 06:19:10 Europe/Berlin] PHP Deprecated:  Creation of dynamic property rcmail::$imap is deprecated in C:\xampp\htdocs\roundcube\program\lib\Roundcube\rcube.php on line 329
[02-May-2025 06:19:10 Europe/Berlin] PHP Deprecated:  strlen(): Passing null to parameter #1 ($string) of type string is deprecated in C:\xampp\htdocs\roundcube\program\actions\mail\index.php on line 182
[02-May-2025 06:19:10 Europe/Berlin] PHP Deprecated:  strlen(): Passing null to parameter #1 ($string) of type string is deprecated in C:\xampp\htdocs\roundcube\program\lib\Roundcube\rcube_message.php on line 102
[02-May-2025 06:19:10 Europe/Berlin] PHP Deprecated:  strlen(): Passing null to parameter #1 ($string) of type string is deprecated in C:\xampp\htdocs\roundcube\program\lib\Roundcube\rcube_imap.php on line 1916
[02-May-2025 06:19:12 Europe/Berlin] PHP Deprecated:  Creation of dynamic property rcube_message_header::$structure is deprecated in C:\xampp\htdocs\roundcube\program\lib\Roundcube\rcube_imap.php on line 2028
[02-May-2025 06:19:12 Europe/Berlin] PHP Deprecated:  Creation of dynamic property rcube_message::$compose is deprecated in C:\xampp\htdocs\roundcube\program\include\rcmail_sendmail.php on line 1496
[02-May-2025 06:19:12 Europe/Berlin] PHP Deprecated:  Creation of dynamic property rcube_message::$identities is deprecated in C:\xampp\htdocs\roundcube\program\include\rcmail_sendmail.php on line 1499
[02-May-2025 06:21:18 Europe/Berlin] PHP Deprecated:  Return type of zipdownload_mbox_filter::filter($in, $out, &$consumed, $closing) should either be compatible with php_user_filter::filter($in, $out, &$consumed, bool $closing): int, or the #[\ReturnTypeWillChange] attribute should be used to temporarily suppress the notice in C:\xampp\htdocs\roundcube\plugins\zipdownload\zipdownload.php on line 405
[02-May-2025 06:21:18 +0200]: <9p8o01iu> PHP Error: php-zip extension is required for the zipdownload plugin in C:\xampp\htdocs\roundcube\plugins\zipdownload\zipdownload.php on line 36 (GET /roundcube/?_task=mail&_action=compose&_id=1780265019681444dd0758c)
[02-May-2025 06:21:18 Europe/Berlin] PHP Deprecated:  Creation of dynamic property rcmail::$imap is deprecated in C:\xampp\htdocs\roundcube\program\lib\Roundcube\rcube.php on line 329
[02-May-2025 06:21:18 Europe/Berlin] PHP Deprecated:  strlen(): Passing null to parameter #1 ($string) of type string is deprecated in C:\xampp\htdocs\roundcube\program\actions\mail\index.php on line 182
[02-May-2025 06:21:18 Europe/Berlin] PHP Deprecated:  strlen(): Passing null to parameter #1 ($string) of type string is deprecated in C:\xampp\htdocs\roundcube\program\lib\Roundcube\rcube_message.php on line 102
[02-May-2025 06:21:18 Europe/Berlin] PHP Deprecated:  strlen(): Passing null to parameter #1 ($string) of type string is deprecated in C:\xampp\htdocs\roundcube\program\lib\Roundcube\rcube_imap.php on line 1916
[02-May-2025 06:21:20 Europe/Berlin] PHP Deprecated:  Creation of dynamic property rcube_message_header::$structure is deprecated in C:\xampp\htdocs\roundcube\program\lib\Roundcube\rcube_imap.php on line 2028
[02-May-2025 06:21:20 Europe/Berlin] PHP Deprecated:  Creation of dynamic property rcube_message::$compose is deprecated in C:\xampp\htdocs\roundcube\program\include\rcmail_sendmail.php on line 1496
[02-May-2025 06:21:20 Europe/Berlin] PHP Deprecated:  Creation of dynamic property rcube_message::$identities is deprecated in C:\xampp\htdocs\roundcube\program\include\rcmail_sendmail.php on line 1499
[02-May-2025 06:21:53 Europe/Berlin] PHP Deprecated:  Return type of zipdownload_mbox_filter::filter($in, $out, &$consumed, $closing) should either be compatible with php_user_filter::filter($in, $out, &$consumed, bool $closing): int, or the #[\ReturnTypeWillChange] attribute should be used to temporarily suppress the notice in C:\xampp\htdocs\roundcube\plugins\zipdownload\zipdownload.php on line 405
[02-May-2025 06:21:53 +0200]: <9p8o01iu> PHP Error: php-zip extension is required for the zipdownload plugin in C:\xampp\htdocs\roundcube\plugins\zipdownload\zipdownload.php on line 36 (GET /roundcube/?_task=mail&_action=compose&_id=1780265019681444dd0758c)
[02-May-2025 06:21:53 Europe/Berlin] PHP Deprecated:  Creation of dynamic property rcmail::$imap is deprecated in C:\xampp\htdocs\roundcube\program\lib\Roundcube\rcube.php on line 329
[02-May-2025 06:21:53 Europe/Berlin] PHP Deprecated:  strlen(): Passing null to parameter #1 ($string) of type string is deprecated in C:\xampp\htdocs\roundcube\program\actions\mail\index.php on line 182
[02-May-2025 06:21:53 Europe/Berlin] PHP Deprecated:  strlen(): Passing null to parameter #1 ($string) of type string is deprecated in C:\xampp\htdocs\roundcube\program\lib\Roundcube\rcube_message.php on line 102
[02-May-2025 06:21:53 Europe/Berlin] PHP Deprecated:  strlen(): Passing null to parameter #1 ($string) of type string is deprecated in C:\xampp\htdocs\roundcube\program\lib\Roundcube\rcube_imap.php on line 1916
[02-May-2025 06:21:56 Europe/Berlin] PHP Deprecated:  Creation of dynamic property rcube_message_header::$structure is deprecated in C:\xampp\htdocs\roundcube\program\lib\Roundcube\rcube_imap.php on line 2028
[02-May-2025 06:21:56 Europe/Berlin] PHP Deprecated:  Creation of dynamic property rcube_message::$compose is deprecated in C:\xampp\htdocs\roundcube\program\include\rcmail_sendmail.php on line 1496
[02-May-2025 06:21:56 Europe/Berlin] PHP Deprecated:  Creation of dynamic property rcube_message::$identities is deprecated in C:\xampp\htdocs\roundcube\program\include\rcmail_sendmail.php on line 1499
[02-May-2025 06:26:43 Europe/Berlin] PHP Deprecated:  Return type of zipdownload_mbox_filter::filter($in, $out, &$consumed, $closing) should either be compatible with php_user_filter::filter($in, $out, &$consumed, bool $closing): int, or the #[\ReturnTypeWillChange] attribute should be used to temporarily suppress the notice in C:\xampp\htdocs\roundcube\plugins\zipdownload\zipdownload.php on line 405
[02-May-2025 06:26:43 +0200]: <9p8o01iu> PHP Error: php-zip extension is required for the zipdownload plugin in C:\xampp\htdocs\roundcube\plugins\zipdownload\zipdownload.php on line 36 (GET /roundcube/?_task=mail&_action=compose&_id=1780265019681444dd0758c)
[02-May-2025 06:26:43 Europe/Berlin] PHP Deprecated:  Creation of dynamic property rcmail::$imap is deprecated in C:\xampp\htdocs\roundcube\program\lib\Roundcube\rcube.php on line 329
[02-May-2025 06:26:43 Europe/Berlin] PHP Deprecated:  strlen(): Passing null to parameter #1 ($string) of type string is deprecated in C:\xampp\htdocs\roundcube\program\actions\mail\index.php on line 182
[02-May-2025 06:26:43 Europe/Berlin] PHP Deprecated:  strlen(): Passing null to parameter #1 ($string) of type string is deprecated in C:\xampp\htdocs\roundcube\program\lib\Roundcube\rcube_message.php on line 102
[02-May-2025 06:26:43 Europe/Berlin] PHP Deprecated:  strlen(): Passing null to parameter #1 ($string) of type string is deprecated in C:\xampp\htdocs\roundcube\program\lib\Roundcube\rcube_imap.php on line 1916
[02-May-2025 06:26:45 Europe/Berlin] PHP Deprecated:  Creation of dynamic property rcube_message_header::$structure is deprecated in C:\xampp\htdocs\roundcube\program\lib\Roundcube\rcube_imap.php on line 2028
[02-May-2025 06:26:45 Europe/Berlin] PHP Deprecated:  Creation of dynamic property rcube_message::$compose is deprecated in C:\xampp\htdocs\roundcube\program\include\rcmail_sendmail.php on line 1496
[02-May-2025 06:26:45 Europe/Berlin] PHP Deprecated:  Creation of dynamic property rcube_message::$identities is deprecated in C:\xampp\htdocs\roundcube\program\include\rcmail_sendmail.php on line 1499
[02-May-2025 06:31:52 Europe/Berlin] PHP Deprecated:  Return type of zipdownload_mbox_filter::filter($in, $out, &$consumed, $closing) should either be compatible with php_user_filter::filter($in, $out, &$consumed, bool $closing): int, or the #[\ReturnTypeWillChange] attribute should be used to temporarily suppress the notice in C:\xampp\htdocs\roundcube\plugins\zipdownload\zipdownload.php on line 405
[02-May-2025 06:31:52 +0200]: <9p8o01iu> PHP Error: php-zip extension is required for the zipdownload plugin in C:\xampp\htdocs\roundcube\plugins\zipdownload\zipdownload.php on line 36 (GET /roundcube/?_task=mail&_action=compose&_id=1780265019681444dd0758c)
[02-May-2025 06:31:52 Europe/Berlin] PHP Deprecated:  Creation of dynamic property rcmail::$imap is deprecated in C:\xampp\htdocs\roundcube\program\lib\Roundcube\rcube.php on line 329
[02-May-2025 06:31:52 Europe/Berlin] PHP Deprecated:  strlen(): Passing null to parameter #1 ($string) of type string is deprecated in C:\xampp\htdocs\roundcube\program\actions\mail\index.php on line 182
[02-May-2025 06:31:52 Europe/Berlin] PHP Deprecated:  strlen(): Passing null to parameter #1 ($string) of type string is deprecated in C:\xampp\htdocs\roundcube\program\lib\Roundcube\rcube_message.php on line 102
[02-May-2025 06:31:52 Europe/Berlin] PHP Deprecated:  strlen(): Passing null to parameter #1 ($string) of type string is deprecated in C:\xampp\htdocs\roundcube\program\lib\Roundcube\rcube_imap.php on line 1916
[02-May-2025 06:31:55 Europe/Berlin] PHP Deprecated:  Creation of dynamic property rcube_message_header::$structure is deprecated in C:\xampp\htdocs\roundcube\program\lib\Roundcube\rcube_imap.php on line 2028
[02-May-2025 06:31:55 Europe/Berlin] PHP Deprecated:  Creation of dynamic property rcube_message::$compose is deprecated in C:\xampp\htdocs\roundcube\program\include\rcmail_sendmail.php on line 1496
[02-May-2025 06:31:55 Europe/Berlin] PHP Deprecated:  Creation of dynamic property rcube_message::$identities is deprecated in C:\xampp\htdocs\roundcube\program\include\rcmail_sendmail.php on line 1499
[02-May-2025 06:35:32 Europe/Berlin] PHP Deprecated:  Return type of zipdownload_mbox_filter::filter($in, $out, &$consumed, $closing) should either be compatible with php_user_filter::filter($in, $out, &$consumed, bool $closing): int, or the #[\ReturnTypeWillChange] attribute should be used to temporarily suppress the notice in C:\xampp\htdocs\roundcube\plugins\zipdownload\zipdownload.php on line 405
[02-May-2025 06:35:32 +0200]: <9p8o01iu> PHP Error: php-zip extension is required for the zipdownload plugin in C:\xampp\htdocs\roundcube\plugins\zipdownload\zipdownload.php on line 36 (GET /roundcube/?_task=mail&_action=compose&_id=1780265019681444dd0758c)
[02-May-2025 06:35:32 Europe/Berlin] PHP Deprecated:  Creation of dynamic property rcmail::$imap is deprecated in C:\xampp\htdocs\roundcube\program\lib\Roundcube\rcube.php on line 329
[02-May-2025 06:35:32 Europe/Berlin] PHP Deprecated:  strlen(): Passing null to parameter #1 ($string) of type string is deprecated in C:\xampp\htdocs\roundcube\program\actions\mail\index.php on line 182
[02-May-2025 06:35:32 Europe/Berlin] PHP Deprecated:  strlen(): Passing null to parameter #1 ($string) of type string is deprecated in C:\xampp\htdocs\roundcube\program\lib\Roundcube\rcube_message.php on line 102
[02-May-2025 06:35:32 Europe/Berlin] PHP Deprecated:  strlen(): Passing null to parameter #1 ($string) of type string is deprecated in C:\xampp\htdocs\roundcube\program\lib\Roundcube\rcube_imap.php on line 1916
[02-May-2025 06:35:34 Europe/Berlin] PHP Deprecated:  Creation of dynamic property rcube_message_header::$structure is deprecated in C:\xampp\htdocs\roundcube\program\lib\Roundcube\rcube_imap.php on line 2028
[02-May-2025 06:35:34 Europe/Berlin] PHP Deprecated:  Creation of dynamic property rcube_message::$compose is deprecated in C:\xampp\htdocs\roundcube\program\include\rcmail_sendmail.php on line 1496
[02-May-2025 06:35:34 Europe/Berlin] PHP Deprecated:  Creation of dynamic property rcube_message::$identities is deprecated in C:\xampp\htdocs\roundcube\program\include\rcmail_sendmail.php on line 1499
[02-May-2025 06:40:15 Europe/Berlin] PHP Deprecated:  Return type of zipdownload_mbox_filter::filter($in, $out, &$consumed, $closing) should either be compatible with php_user_filter::filter($in, $out, &$consumed, bool $closing): int, or the #[\ReturnTypeWillChange] attribute should be used to temporarily suppress the notice in C:\xampp\htdocs\roundcube\plugins\zipdownload\zipdownload.php on line 405
[02-May-2025 06:40:16 +0200]: <9p8o01iu> PHP Error: php-zip extension is required for the zipdownload plugin in C:\xampp\htdocs\roundcube\plugins\zipdownload\zipdownload.php on line 36 (GET /roundcube/?_task=mail&_action=compose&_id=1780265019681444dd0758c)
[02-May-2025 06:40:16 Europe/Berlin] PHP Deprecated:  Creation of dynamic property rcmail::$imap is deprecated in C:\xampp\htdocs\roundcube\program\lib\Roundcube\rcube.php on line 329
[02-May-2025 06:40:16 Europe/Berlin] PHP Deprecated:  strlen(): Passing null to parameter #1 ($string) of type string is deprecated in C:\xampp\htdocs\roundcube\program\actions\mail\index.php on line 182
[02-May-2025 06:40:16 Europe/Berlin] PHP Deprecated:  strlen(): Passing null to parameter #1 ($string) of type string is deprecated in C:\xampp\htdocs\roundcube\program\lib\Roundcube\rcube_message.php on line 102
[02-May-2025 06:40:16 Europe/Berlin] PHP Deprecated:  strlen(): Passing null to parameter #1 ($string) of type string is deprecated in C:\xampp\htdocs\roundcube\program\lib\Roundcube\rcube_imap.php on line 1916
[02-May-2025 06:40:18 Europe/Berlin] PHP Deprecated:  Creation of dynamic property rcube_message_header::$structure is deprecated in C:\xampp\htdocs\roundcube\program\lib\Roundcube\rcube_imap.php on line 2028
[02-May-2025 06:40:18 Europe/Berlin] PHP Deprecated:  Creation of dynamic property rcube_message::$compose is deprecated in C:\xampp\htdocs\roundcube\program\include\rcmail_sendmail.php on line 1496
[02-May-2025 06:40:18 Europe/Berlin] PHP Deprecated:  Creation of dynamic property rcube_message::$identities is deprecated in C:\xampp\htdocs\roundcube\program\include\rcmail_sendmail.php on line 1499
[02-May-2025 06:40:46 Europe/Berlin] PHP Deprecated:  Return type of zipdownload_mbox_filter::filter($in, $out, &$consumed, $closing) should either be compatible with php_user_filter::filter($in, $out, &$consumed, bool $closing): int, or the #[\ReturnTypeWillChange] attribute should be used to temporarily suppress the notice in C:\xampp\htdocs\roundcube\plugins\zipdownload\zipdownload.php on line 405
[02-May-2025 06:40:46 +0200]: <9p8o01iu> PHP Error: php-zip extension is required for the zipdownload plugin in C:\xampp\htdocs\roundcube\plugins\zipdownload\zipdownload.php on line 36 (GET /roundcube/?_task=mail&_action=compose&_id=1780265019681444dd0758c)
[02-May-2025 06:40:46 Europe/Berlin] PHP Deprecated:  Creation of dynamic property rcmail::$imap is deprecated in C:\xampp\htdocs\roundcube\program\lib\Roundcube\rcube.php on line 329
[02-May-2025 06:40:46 Europe/Berlin] PHP Deprecated:  strlen(): Passing null to parameter #1 ($string) of type string is deprecated in C:\xampp\htdocs\roundcube\program\actions\mail\index.php on line 182
[02-May-2025 06:40:46 Europe/Berlin] PHP Deprecated:  strlen(): Passing null to parameter #1 ($string) of type string is deprecated in C:\xampp\htdocs\roundcube\program\lib\Roundcube\rcube_message.php on line 102
[02-May-2025 06:40:46 Europe/Berlin] PHP Deprecated:  strlen(): Passing null to parameter #1 ($string) of type string is deprecated in C:\xampp\htdocs\roundcube\program\lib\Roundcube\rcube_imap.php on line 1916
[02-May-2025 06:40:48 Europe/Berlin] PHP Deprecated:  Creation of dynamic property rcube_message_header::$structure is deprecated in C:\xampp\htdocs\roundcube\program\lib\Roundcube\rcube_imap.php on line 2028
[02-May-2025 06:40:48 Europe/Berlin] PHP Deprecated:  Creation of dynamic property rcube_message::$compose is deprecated in C:\xampp\htdocs\roundcube\program\include\rcmail_sendmail.php on line 1496
[02-May-2025 06:40:48 Europe/Berlin] PHP Deprecated:  Creation of dynamic property rcube_message::$identities is deprecated in C:\xampp\htdocs\roundcube\program\include\rcmail_sendmail.php on line 1499
[02-May-2025 07:00:12 Europe/Berlin] PHP Deprecated:  Return type of zipdownload_mbox_filter::filter($in, $out, &$consumed, $closing) should either be compatible with php_user_filter::filter($in, $out, &$consumed, bool $closing): int, or the #[\ReturnTypeWillChange] attribute should be used to temporarily suppress the notice in C:\xampp\htdocs\roundcube\plugins\zipdownload\zipdownload.php on line 405
[02-May-2025 07:00:38 Europe/Berlin] PHP Deprecated:  Return type of zipdownload_mbox_filter::filter($in, $out, &$consumed, $closing) should either be compatible with php_user_filter::filter($in, $out, &$consumed, bool $closing): int, or the #[\ReturnTypeWillChange] attribute should be used to temporarily suppress the notice in C:\xampp\htdocs\roundcube\plugins\zipdownload\zipdownload.php on line 405
[02-May-2025 07:00:38 Europe/Berlin] PHP Deprecated:  Creation of dynamic property rcmail::$imap is deprecated in C:\xampp\htdocs\roundcube\program\lib\Roundcube\rcube.php on line 329
[02-May-2025 07:00:40 Europe/Berlin] PHP Deprecated:  strlen(): Passing null to parameter #1 ($string) of type string is deprecated in C:\xampp\htdocs\roundcube\program\include\rcmail.php on line 1190
[02-May-2025 07:00:40 Europe/Berlin] PHP Deprecated:  Return type of zipdownload_mbox_filter::filter($in, $out, &$consumed, $closing) should either be compatible with php_user_filter::filter($in, $out, &$consumed, bool $closing): int, or the #[\ReturnTypeWillChange] attribute should be used to temporarily suppress the notice in C:\xampp\htdocs\roundcube\plugins\zipdownload\zipdownload.php on line 405
[02-May-2025 07:00:40 +0200]: <c9oo4jos> PHP Error: php-zip extension is required for the zipdownload plugin in C:\xampp\htdocs\roundcube\plugins\zipdownload\zipdownload.php on line 36 (GET /roundcube/?_task=mail&_action=compose&_token=wUP5PtDfaaLHDomAG3yA38WkHT2wI7qp)
[02-May-2025 07:00:40 Europe/Berlin] PHP Deprecated:  Creation of dynamic property rcmail::$imap is deprecated in C:\xampp\htdocs\roundcube\program\lib\Roundcube\rcube.php on line 329
[02-May-2025 07:00:40 Europe/Berlin] PHP Deprecated:  strlen(): Passing null to parameter #1 ($string) of type string is deprecated in C:\xampp\htdocs\roundcube\program\actions\mail\index.php on line 182
[02-May-2025 07:00:42 Europe/Berlin] PHP Deprecated:  Return type of zipdownload_mbox_filter::filter($in, $out, &$consumed, $closing) should either be compatible with php_user_filter::filter($in, $out, &$consumed, bool $closing): int, or the #[\ReturnTypeWillChange] attribute should be used to temporarily suppress the notice in C:\xampp\htdocs\roundcube\plugins\zipdownload\zipdownload.php on line 405
[02-May-2025 07:00:42 +0200]: <c9oo4jos> PHP Error: php-zip extension is required for the zipdownload plugin in C:\xampp\htdocs\roundcube\plugins\zipdownload\zipdownload.php on line 36 (GET /roundcube/?_task=mail&_action=compose&_id=90149057468145178b0752)
[02-May-2025 07:00:42 Europe/Berlin] PHP Deprecated:  Creation of dynamic property rcmail::$imap is deprecated in C:\xampp\htdocs\roundcube\program\lib\Roundcube\rcube.php on line 329
[02-May-2025 07:00:42 Europe/Berlin] PHP Deprecated:  strlen(): Passing null to parameter #1 ($string) of type string is deprecated in C:\xampp\htdocs\roundcube\program\actions\mail\index.php on line 182
[02-May-2025 07:00:52 Europe/Berlin] PHP Deprecated:  Return type of zipdownload_mbox_filter::filter($in, $out, &$consumed, $closing) should either be compatible with php_user_filter::filter($in, $out, &$consumed, bool $closing): int, or the #[\ReturnTypeWillChange] attribute should be used to temporarily suppress the notice in C:\xampp\htdocs\roundcube\plugins\zipdownload\zipdownload.php on line 405
[02-May-2025 07:00:52 +0200]: <c9oo4jos> PHP Error: php-zip extension is required for the zipdownload plugin in C:\xampp\htdocs\roundcube\plugins\zipdownload\zipdownload.php on line 36 (GET /roundcube/?_task=mail&_action=compose&_id=90149057468145178b0752)
[02-May-2025 07:00:52 Europe/Berlin] PHP Deprecated:  Creation of dynamic property rcmail::$imap is deprecated in C:\xampp\htdocs\roundcube\program\lib\Roundcube\rcube.php on line 329
[02-May-2025 07:00:52 Europe/Berlin] PHP Deprecated:  strlen(): Passing null to parameter #1 ($string) of type string is deprecated in C:\xampp\htdocs\roundcube\program\actions\mail\index.php on line 182
[02-May-2025 07:02:24 Europe/Berlin] PHP Deprecated:  Return type of zipdownload_mbox_filter::filter($in, $out, &$consumed, $closing) should either be compatible with php_user_filter::filter($in, $out, &$consumed, bool $closing): int, or the #[\ReturnTypeWillChange] attribute should be used to temporarily suppress the notice in C:\xampp\htdocs\roundcube\plugins\zipdownload\zipdownload.php on line 405
[02-May-2025 07:02:24 +0200]: <c9oo4jos> PHP Error: php-zip extension is required for the zipdownload plugin in C:\xampp\htdocs\roundcube\plugins\zipdownload\zipdownload.php on line 36 (GET /roundcube/?_task=mail&_action=compose&_id=90149057468145178b0752)
[02-May-2025 07:02:24 Europe/Berlin] PHP Deprecated:  Creation of dynamic property rcmail::$imap is deprecated in C:\xampp\htdocs\roundcube\program\lib\Roundcube\rcube.php on line 329
[02-May-2025 07:02:24 Europe/Berlin] PHP Deprecated:  strlen(): Passing null to parameter #1 ($string) of type string is deprecated in C:\xampp\htdocs\roundcube\program\actions\mail\index.php on line 182
[02-May-2025 07:05:26 Europe/Berlin] PHP Deprecated:  Return type of zipdownload_mbox_filter::filter($in, $out, &$consumed, $closing) should either be compatible with php_user_filter::filter($in, $out, &$consumed, bool $closing): int, or the #[\ReturnTypeWillChange] attribute should be used to temporarily suppress the notice in C:\xampp\htdocs\roundcube\plugins\zipdownload\zipdownload.php on line 405
[02-May-2025 07:05:26 +0200]: <c9oo4jos> PHP Error: php-zip extension is required for the zipdownload plugin in C:\xampp\htdocs\roundcube\plugins\zipdownload\zipdownload.php on line 36 (GET /roundcube/?_task=mail&_action=compose&_id=90149057468145178b0752)
[02-May-2025 07:05:26 Europe/Berlin] PHP Deprecated:  Creation of dynamic property rcmail::$imap is deprecated in C:\xampp\htdocs\roundcube\program\lib\Roundcube\rcube.php on line 329
[02-May-2025 07:05:26 Europe/Berlin] PHP Deprecated:  strlen(): Passing null to parameter #1 ($string) of type string is deprecated in C:\xampp\htdocs\roundcube\program\actions\mail\index.php on line 182
[02-May-2025 07:05:42 Europe/Berlin] PHP Deprecated:  Return type of zipdownload_mbox_filter::filter($in, $out, &$consumed, $closing) should either be compatible with php_user_filter::filter($in, $out, &$consumed, bool $closing): int, or the #[\ReturnTypeWillChange] attribute should be used to temporarily suppress the notice in C:\xampp\htdocs\roundcube\plugins\zipdownload\zipdownload.php on line 405
[02-May-2025 07:05:42 +0200]: <c9oo4jos> PHP Error: php-zip extension is required for the zipdownload plugin in C:\xampp\htdocs\roundcube\plugins\zipdownload\zipdownload.php on line 36 (GET /roundcube/?_task=mail&_action=compose&_id=90149057468145178b0752)
[02-May-2025 07:05:42 Europe/Berlin] PHP Deprecated:  Creation of dynamic property rcmail::$imap is deprecated in C:\xampp\htdocs\roundcube\program\lib\Roundcube\rcube.php on line 329
[02-May-2025 07:05:42 Europe/Berlin] PHP Deprecated:  strlen(): Passing null to parameter #1 ($string) of type string is deprecated in C:\xampp\htdocs\roundcube\program\actions\mail\index.php on line 182
[02-May-2025 07:10:43 Europe/Berlin] PHP Deprecated:  Return type of zipdownload_mbox_filter::filter($in, $out, &$consumed, $closing) should either be compatible with php_user_filter::filter($in, $out, &$consumed, bool $closing): int, or the #[\ReturnTypeWillChange] attribute should be used to temporarily suppress the notice in C:\xampp\htdocs\roundcube\plugins\zipdownload\zipdownload.php on line 405
[02-May-2025 07:10:43 +0200]: <c9oo4jos> PHP Error: php-zip extension is required for the zipdownload plugin in C:\xampp\htdocs\roundcube\plugins\zipdownload\zipdownload.php on line 36 (POST /roundcube/?_task=mail&_unlock=loading1746162643309&_framed=1&_action=send)
[02-May-2025 07:10:43 Europe/Berlin] PHP Deprecated:  Creation of dynamic property rcmail::$imap is deprecated in C:\xampp\htdocs\roundcube\program\lib\Roundcube\rcube.php on line 329
[02-May-2025 07:10:43 Europe/Berlin] PHP Deprecated:  strlen(): Passing null to parameter #1 ($string) of type string is deprecated in C:\xampp\htdocs\roundcube\program\actions\mail\index.php on line 182
[02-May-2025 07:10:43 Europe/Berlin] PHP Warning:  Trying to access array offset on value of type int in C:\xampp\htdocs\roundcube\program\include\rcmail_sendmail.php on line 319
[02-May-2025 07:10:43 Europe/Berlin] PHP Warning:  Trying to access array offset on value of type int in C:\xampp\htdocs\roundcube\program\include\rcmail_sendmail.php on line 319
[02-May-2025 07:10:43 Europe/Berlin] PHP Warning:  Trying to access array offset on value of type int in C:\xampp\htdocs\roundcube\program\include\rcmail_sendmail.php on line 319
[02-May-2025 07:10:43 Europe/Berlin] PHP Warning:  Trying to access array offset on value of type int in C:\xampp\htdocs\roundcube\program\include\rcmail_sendmail.php on line 319
[02-May-2025 07:10:43 Europe/Berlin] PHP Warning:  Undefined array key "path" in C:\xampp\htdocs\roundcube\plugins\filesystem_attachments\filesystem_attachments.php on line 151
[02-May-2025 07:10:43 Europe/Berlin] PHP Warning:  Undefined array key "name" in C:\xampp\htdocs\roundcube\program\actions\mail\send.php on line 410
[02-May-2025 07:10:43 Europe/Berlin] PHP Warning:  Undefined array key "path" in C:\xampp\htdocs\roundcube\plugins\filesystem_attachments\filesystem_attachments.php on line 151
[02-May-2025 07:10:43 Europe/Berlin] PHP Warning:  Undefined array key "name" in C:\xampp\htdocs\roundcube\program\actions\mail\send.php on line 410
[02-May-2025 07:10:43 Europe/Berlin] PHP Warning:  Undefined array key "path" in C:\xampp\htdocs\roundcube\plugins\filesystem_attachments\filesystem_attachments.php on line 151
[02-May-2025 07:10:43 Europe/Berlin] PHP Warning:  Undefined array key "name" in C:\xampp\htdocs\roundcube\program\actions\mail\send.php on line 410
[02-May-2025 07:10:43 Europe/Berlin] PHP Warning:  Undefined array key "path" in C:\xampp\htdocs\roundcube\plugins\filesystem_attachments\filesystem_attachments.php on line 151
[02-May-2025 07:10:43 Europe/Berlin] PHP Warning:  Undefined array key "name" in C:\xampp\htdocs\roundcube\program\actions\mail\send.php on line 410
[02-May-2025 07:18:28 Europe/Berlin] PHP Deprecated:  Return type of zipdownload_mbox_filter::filter($in, $out, &$consumed, $closing) should either be compatible with php_user_filter::filter($in, $out, &$consumed, bool $closing): int, or the #[\ReturnTypeWillChange] attribute should be used to temporarily suppress the notice in C:\xampp\htdocs\roundcube\plugins\zipdownload\zipdownload.php on line 405
[02-May-2025 07:18:28 +0200]: <c9oo4jos> PHP Error: php-zip extension is required for the zipdownload plugin in C:\xampp\htdocs\roundcube\plugins\zipdownload\zipdownload.php on line 36 (GET /roundcube/?_task=mail&_action=compose&_id=90149057468145178b0752)
[02-May-2025 07:18:28 Europe/Berlin] PHP Deprecated:  Creation of dynamic property rcmail::$imap is deprecated in C:\xampp\htdocs\roundcube\program\lib\Roundcube\rcube.php on line 329
[02-May-2025 07:18:28 Europe/Berlin] PHP Deprecated:  strlen(): Passing null to parameter #1 ($string) of type string is deprecated in C:\xampp\htdocs\roundcube\program\actions\mail\index.php on line 182
[02-May-2025 07:18:28 Europe/Berlin] PHP Deprecated:  strlen(): Passing null to parameter #1 ($string) of type string is deprecated in C:\xampp\htdocs\roundcube\program\lib\Roundcube\rcube_message.php on line 102
[02-May-2025 07:18:28 Europe/Berlin] PHP Deprecated:  strlen(): Passing null to parameter #1 ($string) of type string is deprecated in C:\xampp\htdocs\roundcube\program\lib\Roundcube\rcube_imap.php on line 1916
[02-May-2025 07:18:30 Europe/Berlin] PHP Deprecated:  Creation of dynamic property rcube_message_header::$structure is deprecated in C:\xampp\htdocs\roundcube\program\lib\Roundcube\rcube_imap.php on line 2028
[02-May-2025 07:18:30 Europe/Berlin] PHP Deprecated:  Creation of dynamic property rcube_message::$compose is deprecated in C:\xampp\htdocs\roundcube\program\include\rcmail_sendmail.php on line 1496
[02-May-2025 07:18:30 Europe/Berlin] PHP Deprecated:  Creation of dynamic property rcube_message::$identities is deprecated in C:\xampp\htdocs\roundcube\program\include\rcmail_sendmail.php on line 1499
[02-May-2025 07:18:30 Europe/Berlin] PHP Warning:  Trying to access array offset on value of type int in C:\xampp\htdocs\roundcube\program\actions\mail\compose.php on line 1029
[02-May-2025 07:18:30 Europe/Berlin] PHP Warning:  Trying to access array offset on value of type int in C:\xampp\htdocs\roundcube\program\actions\mail\compose.php on line 1029
[02-May-2025 07:18:30 Europe/Berlin] PHP Warning:  Trying to access array offset on value of type int in C:\xampp\htdocs\roundcube\program\actions\mail\compose.php on line 1029
[02-May-2025 07:18:30 Europe/Berlin] PHP Warning:  Trying to access array offset on value of type int in C:\xampp\htdocs\roundcube\program\actions\mail\compose.php on line 1029
[02-May-2025 07:18:30 Europe/Berlin] PHP Warning:  Trying to access array offset on value of type int in C:\xampp\htdocs\roundcube\program\actions\mail\compose.php on line 1029
[02-May-2025 07:18:30 Europe/Berlin] PHP Warning:  Trying to access array offset on value of type int in C:\xampp\htdocs\roundcube\program\actions\mail\compose.php on line 1029
[02-May-2025 07:18:30 Europe/Berlin] PHP Warning:  Trying to access array offset on value of type int in C:\xampp\htdocs\roundcube\program\actions\mail\compose.php on line 1029
[02-May-2025 07:18:30 Europe/Berlin] PHP Warning:  Trying to access array offset on value of type int in C:\xampp\htdocs\roundcube\program\actions\mail\compose.php on line 1029
[02-May-2025 07:25:24 Europe/Berlin] PHP Deprecated:  Return type of zipdownload_mbox_filter::filter($in, $out, &$consumed, $closing) should either be compatible with php_user_filter::filter($in, $out, &$consumed, bool $closing): int, or the #[\ReturnTypeWillChange] attribute should be used to temporarily suppress the notice in C:\xampp\htdocs\roundcube\plugins\zipdownload\zipdownload.php on line 405
[02-May-2025 07:25:24 +0200]: <c9oo4jos> PHP Error: php-zip extension is required for the zipdownload plugin in C:\xampp\htdocs\roundcube\plugins\zipdownload\zipdownload.php on line 36 (GET /roundcube/?_task=mail&_action=compose&_id=90149057468145178b0752)
[02-May-2025 07:25:25 Europe/Berlin] PHP Deprecated:  Creation of dynamic property rcmail::$imap is deprecated in C:\xampp\htdocs\roundcube\program\lib\Roundcube\rcube.php on line 329
[02-May-2025 07:25:25 Europe/Berlin] PHP Deprecated:  strlen(): Passing null to parameter #1 ($string) of type string is deprecated in C:\xampp\htdocs\roundcube\program\actions\mail\index.php on line 182
[02-May-2025 07:25:25 Europe/Berlin] PHP Deprecated:  strlen(): Passing null to parameter #1 ($string) of type string is deprecated in C:\xampp\htdocs\roundcube\program\lib\Roundcube\rcube_message.php on line 102
[02-May-2025 07:25:25 Europe/Berlin] PHP Deprecated:  strlen(): Passing null to parameter #1 ($string) of type string is deprecated in C:\xampp\htdocs\roundcube\program\lib\Roundcube\rcube_imap.php on line 1916
[02-May-2025 07:25:27 Europe/Berlin] PHP Deprecated:  Creation of dynamic property rcube_message_header::$structure is deprecated in C:\xampp\htdocs\roundcube\program\lib\Roundcube\rcube_imap.php on line 2028
[02-May-2025 07:25:27 Europe/Berlin] PHP Deprecated:  Creation of dynamic property rcube_message::$compose is deprecated in C:\xampp\htdocs\roundcube\program\include\rcmail_sendmail.php on line 1496
[02-May-2025 07:25:27 Europe/Berlin] PHP Deprecated:  Creation of dynamic property rcube_message::$identities is deprecated in C:\xampp\htdocs\roundcube\program\include\rcmail_sendmail.php on line 1499
[02-May-2025 07:27:15 Europe/Berlin] PHP Deprecated:  Return type of zipdownload_mbox_filter::filter($in, $out, &$consumed, $closing) should either be compatible with php_user_filter::filter($in, $out, &$consumed, bool $closing): int, or the #[\ReturnTypeWillChange] attribute should be used to temporarily suppress the notice in C:\xampp\htdocs\roundcube\plugins\zipdownload\zipdownload.php on line 405
[02-May-2025 07:27:16 +0200]: <c9oo4jos> PHP Error: php-zip extension is required for the zipdownload plugin in C:\xampp\htdocs\roundcube\plugins\zipdownload\zipdownload.php on line 36 (GET /roundcube/?_task=mail&_action=compose&_id=90149057468145178b0752)
[02-May-2025 07:27:16 Europe/Berlin] PHP Deprecated:  Creation of dynamic property rcmail::$imap is deprecated in C:\xampp\htdocs\roundcube\program\lib\Roundcube\rcube.php on line 329
[02-May-2025 07:27:16 Europe/Berlin] PHP Deprecated:  strlen(): Passing null to parameter #1 ($string) of type string is deprecated in C:\xampp\htdocs\roundcube\program\actions\mail\index.php on line 182
[02-May-2025 07:27:16 Europe/Berlin] PHP Deprecated:  strlen(): Passing null to parameter #1 ($string) of type string is deprecated in C:\xampp\htdocs\roundcube\program\lib\Roundcube\rcube_message.php on line 102
[02-May-2025 07:27:16 Europe/Berlin] PHP Deprecated:  strlen(): Passing null to parameter #1 ($string) of type string is deprecated in C:\xampp\htdocs\roundcube\program\lib\Roundcube\rcube_imap.php on line 1916
[02-May-2025 07:27:18 Europe/Berlin] PHP Deprecated:  Creation of dynamic property rcube_message_header::$structure is deprecated in C:\xampp\htdocs\roundcube\program\lib\Roundcube\rcube_imap.php on line 2028
[02-May-2025 07:27:18 Europe/Berlin] PHP Deprecated:  Creation of dynamic property rcube_message::$compose is deprecated in C:\xampp\htdocs\roundcube\program\include\rcmail_sendmail.php on line 1496
[02-May-2025 07:27:18 Europe/Berlin] PHP Deprecated:  Creation of dynamic property rcube_message::$identities is deprecated in C:\xampp\htdocs\roundcube\program\include\rcmail_sendmail.php on line 1499
[02-May-2025 07:27:18 Europe/Berlin] PHP Warning:  Trying to access array offset on value of type int in C:\xampp\htdocs\roundcube\program\actions\mail\compose.php on line 1378
[02-May-2025 07:27:18 Europe/Berlin] PHP Warning:  Trying to access array offset on value of type int in C:\xampp\htdocs\roundcube\program\actions\mail\compose.php on line 1379
[02-May-2025 07:27:18 Europe/Berlin] PHP Warning:  Trying to access array offset on value of type int in C:\xampp\htdocs\roundcube\program\actions\mail\compose.php on line 1405
[02-May-2025 07:27:18 Europe/Berlin] PHP Warning:  Trying to access array offset on value of type int in C:\xampp\htdocs\roundcube\program\actions\mail\compose.php on line 1412
[02-May-2025 07:27:18 Europe/Berlin] PHP Warning:  Trying to access array offset on value of type int in C:\xampp\htdocs\roundcube\program\actions\mail\compose.php on line 1412
[02-May-2025 07:27:18 Europe/Berlin] PHP Deprecated:  strtolower(): Passing null to parameter #1 ($string) of type string is deprecated in C:\xampp\htdocs\roundcube\program\lib\Roundcube\rcube_utils.php on line 692
[02-May-2025 07:27:18 Europe/Berlin] PHP Deprecated:  strtolower(): Passing null to parameter #1 ($string) of type string is deprecated in C:\xampp\htdocs\roundcube\program\lib\Roundcube\rcube_utils.php on line 693
[02-May-2025 07:27:18 Europe/Berlin] PHP Warning:  Trying to access array offset on value of type int in C:\xampp\htdocs\roundcube\program\actions\mail\compose.php on line 1418
[02-May-2025 07:27:18 Europe/Berlin] PHP Warning:  Trying to access array offset on value of type int in C:\xampp\htdocs\roundcube\program\actions\mail\compose.php on line 1420
[02-May-2025 07:27:18 Europe/Berlin] PHP Warning:  Trying to access array offset on value of type int in C:\xampp\htdocs\roundcube\program\actions\mail\compose.php on line 1378
[02-May-2025 07:27:18 Europe/Berlin] PHP Warning:  Trying to access array offset on value of type int in C:\xampp\htdocs\roundcube\program\actions\mail\compose.php on line 1379
[02-May-2025 07:27:18 Europe/Berlin] PHP Warning:  Trying to access array offset on value of type int in C:\xampp\htdocs\roundcube\program\actions\mail\compose.php on line 1405
[02-May-2025 07:27:18 Europe/Berlin] PHP Warning:  Trying to access array offset on value of type int in C:\xampp\htdocs\roundcube\program\actions\mail\compose.php on line 1412
[02-May-2025 07:27:18 Europe/Berlin] PHP Warning:  Trying to access array offset on value of type int in C:\xampp\htdocs\roundcube\program\actions\mail\compose.php on line 1412
[02-May-2025 07:27:18 Europe/Berlin] PHP Deprecated:  strtolower(): Passing null to parameter #1 ($string) of type string is deprecated in C:\xampp\htdocs\roundcube\program\lib\Roundcube\rcube_utils.php on line 692
[02-May-2025 07:27:18 Europe/Berlin] PHP Deprecated:  strtolower(): Passing null to parameter #1 ($string) of type string is deprecated in C:\xampp\htdocs\roundcube\program\lib\Roundcube\rcube_utils.php on line 693
[02-May-2025 07:27:18 Europe/Berlin] PHP Warning:  Trying to access array offset on value of type int in C:\xampp\htdocs\roundcube\program\actions\mail\compose.php on line 1418
[02-May-2025 07:27:18 Europe/Berlin] PHP Warning:  Trying to access array offset on value of type int in C:\xampp\htdocs\roundcube\program\actions\mail\compose.php on line 1420
[02-May-2025 07:27:18 Europe/Berlin] PHP Warning:  Trying to access array offset on value of type int in C:\xampp\htdocs\roundcube\program\actions\mail\compose.php on line 1378
[02-May-2025 07:27:18 Europe/Berlin] PHP Warning:  Trying to access array offset on value of type int in C:\xampp\htdocs\roundcube\program\actions\mail\compose.php on line 1379
[02-May-2025 07:27:18 Europe/Berlin] PHP Warning:  Trying to access array offset on value of type int in C:\xampp\htdocs\roundcube\program\actions\mail\compose.php on line 1405
[02-May-2025 07:27:18 Europe/Berlin] PHP Warning:  Trying to access array offset on value of type int in C:\xampp\htdocs\roundcube\program\actions\mail\compose.php on line 1412
[02-May-2025 07:27:18 Europe/Berlin] PHP Warning:  Trying to access array offset on value of type int in C:\xampp\htdocs\roundcube\program\actions\mail\compose.php on line 1412
[02-May-2025 07:27:18 Europe/Berlin] PHP Deprecated:  strtolower(): Passing null to parameter #1 ($string) of type string is deprecated in C:\xampp\htdocs\roundcube\program\lib\Roundcube\rcube_utils.php on line 692
[02-May-2025 07:27:18 Europe/Berlin] PHP Deprecated:  strtolower(): Passing null to parameter #1 ($string) of type string is deprecated in C:\xampp\htdocs\roundcube\program\lib\Roundcube\rcube_utils.php on line 693
[02-May-2025 07:27:18 Europe/Berlin] PHP Warning:  Trying to access array offset on value of type int in C:\xampp\htdocs\roundcube\program\actions\mail\compose.php on line 1418
[02-May-2025 07:27:18 Europe/Berlin] PHP Warning:  Trying to access array offset on value of type int in C:\xampp\htdocs\roundcube\program\actions\mail\compose.php on line 1420
[02-May-2025 07:27:18 Europe/Berlin] PHP Warning:  Trying to access array offset on value of type int in C:\xampp\htdocs\roundcube\program\actions\mail\compose.php on line 1378
[02-May-2025 07:27:18 Europe/Berlin] PHP Warning:  Trying to access array offset on value of type int in C:\xampp\htdocs\roundcube\program\actions\mail\compose.php on line 1379
[02-May-2025 07:27:18 Europe/Berlin] PHP Warning:  Trying to access array offset on value of type int in C:\xampp\htdocs\roundcube\program\actions\mail\compose.php on line 1405
[02-May-2025 07:27:18 Europe/Berlin] PHP Warning:  Trying to access array offset on value of type int in C:\xampp\htdocs\roundcube\program\actions\mail\compose.php on line 1412
[02-May-2025 07:27:18 Europe/Berlin] PHP Warning:  Trying to access array offset on value of type int in C:\xampp\htdocs\roundcube\program\actions\mail\compose.php on line 1412
[02-May-2025 07:27:18 Europe/Berlin] PHP Deprecated:  strtolower(): Passing null to parameter #1 ($string) of type string is deprecated in C:\xampp\htdocs\roundcube\program\lib\Roundcube\rcube_utils.php on line 692
[02-May-2025 07:27:18 Europe/Berlin] PHP Deprecated:  strtolower(): Passing null to parameter #1 ($string) of type string is deprecated in C:\xampp\htdocs\roundcube\program\lib\Roundcube\rcube_utils.php on line 693
[02-May-2025 07:27:18 Europe/Berlin] PHP Warning:  Trying to access array offset on value of type int in C:\xampp\htdocs\roundcube\program\actions\mail\compose.php on line 1418
[02-May-2025 07:27:18 Europe/Berlin] PHP Warning:  Trying to access array offset on value of type int in C:\xampp\htdocs\roundcube\program\actions\mail\compose.php on line 1420
[02-May-2025 07:27:18 Europe/Berlin] PHP Deprecated:  strlen(): Passing null to parameter #1 ($string) of type string is deprecated in C:\xampp\htdocs\roundcube\program\include\rcmail_output_html.php on line 1612
[02-May-2025 07:27:49 Europe/Berlin] PHP Deprecated:  Return type of zipdownload_mbox_filter::filter($in, $out, &$consumed, $closing) should either be compatible with php_user_filter::filter($in, $out, &$consumed, bool $closing): int, or the #[\ReturnTypeWillChange] attribute should be used to temporarily suppress the notice in C:\xampp\htdocs\roundcube\plugins\zipdownload\zipdownload.php on line 405
[02-May-2025 07:27:49 +0200]: <c9oo4jos> PHP Error: php-zip extension is required for the zipdownload plugin in C:\xampp\htdocs\roundcube\plugins\zipdownload\zipdownload.php on line 36 (GET /roundcube/?_task=mail&_action=compose&_id=90149057468145178b0752)
[02-May-2025 07:27:49 Europe/Berlin] PHP Deprecated:  Creation of dynamic property rcmail::$imap is deprecated in C:\xampp\htdocs\roundcube\program\lib\Roundcube\rcube.php on line 329
[02-May-2025 07:27:49 Europe/Berlin] PHP Deprecated:  strlen(): Passing null to parameter #1 ($string) of type string is deprecated in C:\xampp\htdocs\roundcube\program\actions\mail\index.php on line 182
[02-May-2025 07:27:49 Europe/Berlin] PHP Deprecated:  strlen(): Passing null to parameter #1 ($string) of type string is deprecated in C:\xampp\htdocs\roundcube\program\lib\Roundcube\rcube_message.php on line 102
[02-May-2025 07:27:49 Europe/Berlin] PHP Deprecated:  strlen(): Passing null to parameter #1 ($string) of type string is deprecated in C:\xampp\htdocs\roundcube\program\lib\Roundcube\rcube_imap.php on line 1916
[02-May-2025 07:27:51 Europe/Berlin] PHP Deprecated:  Creation of dynamic property rcube_message_header::$structure is deprecated in C:\xampp\htdocs\roundcube\program\lib\Roundcube\rcube_imap.php on line 2028
[02-May-2025 07:27:51 Europe/Berlin] PHP Deprecated:  Creation of dynamic property rcube_message::$compose is deprecated in C:\xampp\htdocs\roundcube\program\include\rcmail_sendmail.php on line 1496
[02-May-2025 07:27:51 Europe/Berlin] PHP Deprecated:  Creation of dynamic property rcube_message::$identities is deprecated in C:\xampp\htdocs\roundcube\program\include\rcmail_sendmail.php on line 1499
[02-May-2025 07:30:06 Europe/Berlin] PHP Deprecated:  Return type of zipdownload_mbox_filter::filter($in, $out, &$consumed, $closing) should either be compatible with php_user_filter::filter($in, $out, &$consumed, bool $closing): int, or the #[\ReturnTypeWillChange] attribute should be used to temporarily suppress the notice in C:\xampp\htdocs\roundcube\plugins\zipdownload\zipdownload.php on line 405
[02-May-2025 07:30:06 +0200]: <c9oo4jos> PHP Error: php-zip extension is required for the zipdownload plugin in C:\xampp\htdocs\roundcube\plugins\zipdownload\zipdownload.php on line 36 (GET /roundcube/?_task=mail&_action=compose&_id=90149057468145178b0752)
[02-May-2025 07:30:06 Europe/Berlin] PHP Deprecated:  Creation of dynamic property rcmail::$imap is deprecated in C:\xampp\htdocs\roundcube\program\lib\Roundcube\rcube.php on line 329
[02-May-2025 07:30:06 Europe/Berlin] PHP Deprecated:  strlen(): Passing null to parameter #1 ($string) of type string is deprecated in C:\xampp\htdocs\roundcube\program\actions\mail\index.php on line 182
[02-May-2025 07:30:06 Europe/Berlin] PHP Deprecated:  strlen(): Passing null to parameter #1 ($string) of type string is deprecated in C:\xampp\htdocs\roundcube\program\lib\Roundcube\rcube_message.php on line 102
[02-May-2025 07:30:06 Europe/Berlin] PHP Deprecated:  strlen(): Passing null to parameter #1 ($string) of type string is deprecated in C:\xampp\htdocs\roundcube\program\lib\Roundcube\rcube_imap.php on line 1916
[02-May-2025 07:30:08 Europe/Berlin] PHP Deprecated:  Creation of dynamic property rcube_message_header::$structure is deprecated in C:\xampp\htdocs\roundcube\program\lib\Roundcube\rcube_imap.php on line 2028
[02-May-2025 07:30:08 Europe/Berlin] PHP Deprecated:  Creation of dynamic property rcube_message::$compose is deprecated in C:\xampp\htdocs\roundcube\program\include\rcmail_sendmail.php on line 1496
[02-May-2025 07:30:08 Europe/Berlin] PHP Deprecated:  Creation of dynamic property rcube_message::$identities is deprecated in C:\xampp\htdocs\roundcube\program\include\rcmail_sendmail.php on line 1499
[02-May-2025 07:37:57 Europe/Berlin] PHP Deprecated:  Return type of zipdownload_mbox_filter::filter($in, $out, &$consumed, $closing) should either be compatible with php_user_filter::filter($in, $out, &$consumed, bool $closing): int, or the #[\ReturnTypeWillChange] attribute should be used to temporarily suppress the notice in C:\xampp\htdocs\roundcube\plugins\zipdownload\zipdownload.php on line 405
[02-May-2025 07:38:18 Europe/Berlin] PHP Deprecated:  Return type of zipdownload_mbox_filter::filter($in, $out, &$consumed, $closing) should either be compatible with php_user_filter::filter($in, $out, &$consumed, bool $closing): int, or the #[\ReturnTypeWillChange] attribute should be used to temporarily suppress the notice in C:\xampp\htdocs\roundcube\plugins\zipdownload\zipdownload.php on line 405
[02-May-2025 07:38:18 Europe/Berlin] PHP Deprecated:  Creation of dynamic property rcmail::$imap is deprecated in C:\xampp\htdocs\roundcube\program\lib\Roundcube\rcube.php on line 329
[02-May-2025 07:38:20 Europe/Berlin] PHP Deprecated:  strlen(): Passing null to parameter #1 ($string) of type string is deprecated in C:\xampp\htdocs\roundcube\program\include\rcmail.php on line 1190
[02-May-2025 07:38:20 Europe/Berlin] PHP Deprecated:  Return type of zipdownload_mbox_filter::filter($in, $out, &$consumed, $closing) should either be compatible with php_user_filter::filter($in, $out, &$consumed, bool $closing): int, or the #[\ReturnTypeWillChange] attribute should be used to temporarily suppress the notice in C:\xampp\htdocs\roundcube\plugins\zipdownload\zipdownload.php on line 405
[02-May-2025 07:38:20 +0200]: <daopsa65> PHP Error: php-zip extension is required for the zipdownload plugin in C:\xampp\htdocs\roundcube\plugins\zipdownload\zipdownload.php on line 36 (GET /roundcube/?_task=mail&_action=compose&_token=I1C6lOKlRFwJfyi6VrkNabDmLQyhpCMl)
[02-May-2025 07:38:20 Europe/Berlin] PHP Fatal error:  Uncaught Error: Call to undefined method asistente::register_command() in C:\xampp\htdocs\roundcube\plugins\asistente\asistente.php:32
Stack trace:
#0 C:\xampp\htdocs\roundcube\program\lib\Roundcube\rcube_plugin_api.php(105): asistente->init()
#1 C:\xampp\htdocs\roundcube\program\include\rcmail.php(153): rcube_plugin_api->init(Object(rcmail), 'mail')
#2 C:\xampp\htdocs\roundcube\program\include\rcmail.php(86): rcmail->startup()
#3 C:\xampp\htdocs\roundcube\index.php(43): rcmail::get_instance(0, NULL)
#4 {main}
  thrown in C:\xampp\htdocs\roundcube\plugins\asistente\asistente.php on line 32
[02-May-2025 07:40:59 Europe/Berlin] PHP Deprecated:  Return type of zipdownload_mbox_filter::filter($in, $out, &$consumed, $closing) should either be compatible with php_user_filter::filter($in, $out, &$consumed, bool $closing): int, or the #[\ReturnTypeWillChange] attribute should be used to temporarily suppress the notice in C:\xampp\htdocs\roundcube\plugins\zipdownload\zipdownload.php on line 405
[02-May-2025 07:40:59 +0200]: <daopsa65> PHP Error: php-zip extension is required for the zipdownload plugin in C:\xampp\htdocs\roundcube\plugins\zipdownload\zipdownload.php on line 36 (GET /roundcube/?_task=mail&_action=compose&_token=I1C6lOKlRFwJfyi6VrkNabDmLQyhpCMl)
[02-May-2025 07:40:59 Europe/Berlin] PHP Fatal error:  Uncaught Error: Call to undefined method asistente::register_command() in C:\xampp\htdocs\roundcube\plugins\asistente\asistente.php:29
Stack trace:
#0 C:\xampp\htdocs\roundcube\program\lib\Roundcube\rcube_plugin_api.php(105): asistente->init()
#1 C:\xampp\htdocs\roundcube\program\include\rcmail.php(153): rcube_plugin_api->init(Object(rcmail), 'mail')
#2 C:\xampp\htdocs\roundcube\program\include\rcmail.php(86): rcmail->startup()
#3 C:\xampp\htdocs\roundcube\index.php(43): rcmail::get_instance(0, NULL)
#4 {main}
  thrown in C:\xampp\htdocs\roundcube\plugins\asistente\asistente.php on line 29
[02-May-2025 07:41:01 Europe/Berlin] PHP Deprecated:  Return type of zipdownload_mbox_filter::filter($in, $out, &$consumed, $closing) should either be compatible with php_user_filter::filter($in, $out, &$consumed, bool $closing): int, or the #[\ReturnTypeWillChange] attribute should be used to temporarily suppress the notice in C:\xampp\htdocs\roundcube\plugins\zipdownload\zipdownload.php on line 405
[02-May-2025 07:41:01 +0200]: <daopsa65> PHP Error: php-zip extension is required for the zipdownload plugin in C:\xampp\htdocs\roundcube\plugins\zipdownload\zipdownload.php on line 36 (GET /roundcube/?_task=mail&_action=compose&_token=I1C6lOKlRFwJfyi6VrkNabDmLQyhpCMl)
[02-May-2025 07:41:01 Europe/Berlin] PHP Fatal error:  Uncaught Error: Call to undefined method asistente::register_command() in C:\xampp\htdocs\roundcube\plugins\asistente\asistente.php:29
Stack trace:
#0 C:\xampp\htdocs\roundcube\program\lib\Roundcube\rcube_plugin_api.php(105): asistente->init()
#1 C:\xampp\htdocs\roundcube\program\include\rcmail.php(153): rcube_plugin_api->init(Object(rcmail), 'mail')
#2 C:\xampp\htdocs\roundcube\program\include\rcmail.php(86): rcmail->startup()
#3 C:\xampp\htdocs\roundcube\index.php(43): rcmail::get_instance(0, NULL)
#4 {main}
  thrown in C:\xampp\htdocs\roundcube\plugins\asistente\asistente.php on line 29
[02-May-2025 07:41:18 Europe/Berlin] PHP Deprecated:  Return type of zipdownload_mbox_filter::filter($in, $out, &$consumed, $closing) should either be compatible with php_user_filter::filter($in, $out, &$consumed, bool $closing): int, or the #[\ReturnTypeWillChange] attribute should be used to temporarily suppress the notice in C:\xampp\htdocs\roundcube\plugins\zipdownload\zipdownload.php on line 405
[02-May-2025 07:41:18 +0200]: <daopsa65> PHP Error: php-zip extension is required for the zipdownload plugin in C:\xampp\htdocs\roundcube\plugins\zipdownload\zipdownload.php on line 36 (GET /roundcube/?_task=mail&_action=compose&_token=I1C6lOKlRFwJfyi6VrkNabDmLQyhpCMl)
[02-May-2025 07:41:18 Europe/Berlin] PHP Deprecated:  Creation of dynamic property rcmail::$imap is deprecated in C:\xampp\htdocs\roundcube\program\lib\Roundcube\rcube.php on line 329
[02-May-2025 07:41:18 Europe/Berlin] PHP Deprecated:  strlen(): Passing null to parameter #1 ($string) of type string is deprecated in C:\xampp\htdocs\roundcube\program\actions\mail\index.php on line 182
[02-May-2025 07:41:20 Europe/Berlin] PHP Deprecated:  Return type of zipdownload_mbox_filter::filter($in, $out, &$consumed, $closing) should either be compatible with php_user_filter::filter($in, $out, &$consumed, bool $closing): int, or the #[\ReturnTypeWillChange] attribute should be used to temporarily suppress the notice in C:\xampp\htdocs\roundcube\plugins\zipdownload\zipdownload.php on line 405
[02-May-2025 07:41:20 +0200]: <daopsa65> PHP Error: php-zip extension is required for the zipdownload plugin in C:\xampp\htdocs\roundcube\plugins\zipdownload\zipdownload.php on line 36 (GET /roundcube/?_task=mail&_action=compose&_id=78166174968145afe77351)
[02-May-2025 07:41:20 Europe/Berlin] PHP Deprecated:  Creation of dynamic property rcmail::$imap is deprecated in C:\xampp\htdocs\roundcube\program\lib\Roundcube\rcube.php on line 329
[02-May-2025 07:41:20 Europe/Berlin] PHP Deprecated:  strlen(): Passing null to parameter #1 ($string) of type string is deprecated in C:\xampp\htdocs\roundcube\program\actions\mail\index.php on line 182
[02-May-2025 07:46:21 Europe/Berlin] PHP Deprecated:  Return type of zipdownload_mbox_filter::filter($in, $out, &$consumed, $closing) should either be compatible with php_user_filter::filter($in, $out, &$consumed, bool $closing): int, or the #[\ReturnTypeWillChange] attribute should be used to temporarily suppress the notice in C:\xampp\htdocs\roundcube\plugins\zipdownload\zipdownload.php on line 405
[02-May-2025 07:46:21 +0200]: <daopsa65> PHP Error: php-zip extension is required for the zipdownload plugin in C:\xampp\htdocs\roundcube\plugins\zipdownload\zipdownload.php on line 36 (POST /roundcube/?_task=mail&_unlock=loading1746164781309&_framed=1&_action=send)
[02-May-2025 07:46:21 Europe/Berlin] PHP Deprecated:  Creation of dynamic property rcmail::$imap is deprecated in C:\xampp\htdocs\roundcube\program\lib\Roundcube\rcube.php on line 329
[02-May-2025 07:46:21 Europe/Berlin] PHP Deprecated:  strlen(): Passing null to parameter #1 ($string) of type string is deprecated in C:\xampp\htdocs\roundcube\program\actions\mail\index.php on line 182
[02-May-2025 07:46:21 Europe/Berlin] PHP Warning:  Trying to access array offset on value of type int in C:\xampp\htdocs\roundcube\program\include\rcmail_sendmail.php on line 319
[02-May-2025 07:46:21 Europe/Berlin] PHP Warning:  Trying to access array offset on value of type int in C:\xampp\htdocs\roundcube\program\include\rcmail_sendmail.php on line 319
[02-May-2025 07:46:21 Europe/Berlin] PHP Warning:  Trying to access array offset on value of type int in C:\xampp\htdocs\roundcube\program\include\rcmail_sendmail.php on line 319
[02-May-2025 07:46:21 Europe/Berlin] PHP Warning:  Trying to access array offset on value of type int in C:\xampp\htdocs\roundcube\program\include\rcmail_sendmail.php on line 319
[02-May-2025 07:46:21 Europe/Berlin] PHP Warning:  Undefined array key "path" in C:\xampp\htdocs\roundcube\plugins\filesystem_attachments\filesystem_attachments.php on line 151
[02-May-2025 07:46:21 Europe/Berlin] PHP Warning:  Undefined array key "name" in C:\xampp\htdocs\roundcube\program\actions\mail\send.php on line 410
[02-May-2025 07:46:21 Europe/Berlin] PHP Warning:  Undefined array key "path" in C:\xampp\htdocs\roundcube\plugins\filesystem_attachments\filesystem_attachments.php on line 151
[02-May-2025 07:46:21 Europe/Berlin] PHP Warning:  Undefined array key "name" in C:\xampp\htdocs\roundcube\program\actions\mail\send.php on line 410
[02-May-2025 07:46:21 Europe/Berlin] PHP Warning:  Undefined array key "path" in C:\xampp\htdocs\roundcube\plugins\filesystem_attachments\filesystem_attachments.php on line 151
[02-May-2025 07:46:21 Europe/Berlin] PHP Warning:  Undefined array key "name" in C:\xampp\htdocs\roundcube\program\actions\mail\send.php on line 410
[02-May-2025 07:46:21 Europe/Berlin] PHP Warning:  Undefined array key "path" in C:\xampp\htdocs\roundcube\plugins\filesystem_attachments\filesystem_attachments.php on line 151
[02-May-2025 07:46:21 Europe/Berlin] PHP Warning:  Undefined array key "name" in C:\xampp\htdocs\roundcube\program\actions\mail\send.php on line 410
